geneID,DFB,DFB,Fe,Fe
Ga0401699_0000022_152_57865,941,561,52,67
Ga0401699_0000023_156_57680,2117,1490,244,332
Ga0401699_0000046_892_48153,112,232,19,4
Ga0401699_0000066_3_41480,1425,1043,143,118
Ga0401699_0000070_459_40640,359,235,4,2
Ga0401699_0000079_22183_23112,13,14,458,405
Ga0401699_0000079_30921_31220,25,13,371,316
Ga0401699_0000132_10320_10658,31,55,8,6
Ga0401699_0000132_11313_13352,338,635,91,59
Ga0401699_0000132_13565_15091,320,340,59,39
Ga0401699_0000132_15195_15623,57,47,10,3
Ga0401699_0000132_15632_16765,152,212,33,25
Ga0401699_0000132_17658_18032,46,60,10,8
Ga0401699_0000132_2135_2890,56,52,9,3
Ga0401699_0000132_21516_23024,62,85,18,10
Ga0401699_0000132_24171_25616,124,184,30,18
Ga0401699_0000132_26096_27142,77,124,11,8
Ga0401699_0000132_27239_27631,44,57,10,7
Ga0401699_0000132_27812_28399,30,50,4,1
Ga0401699_0000132_29659_30054,39,45,9,7
Ga0401699_0000132_4185_4589,77,64,12,10
Ga0401699_0000132_5021_6052,519,698,97,64
Ga0401699_0000132_6270_7775,713,978,141,92
Ga0401699_0000132_7803_8165,109,143,24,13
Ga0401699_0000132_8266_9450,321,391,56,49
Ga0401699_0000132_852_2000,200,317,36,32
Ga0401699_0000132_9477_10283,230,266,41,19
Ga0401699_0000160_68_32098,266,203,35,45
Ga0401699_0000165_5_32029,346,139,0,3
Ga0401699_0000181_167_30862,201,140,28,19
Ga0401699_0000209_2_29419,413,307,78,80
Ga0401699_0000216_234_28892,157,167,16,8
Ga0401699_0000238_263_28306,633,540,76,122
Ga0401699_0000245_86_27754,182,104,3,5
Ga0401699_0000262_198_27458,1254,972,73,78
Ga0401699_0000290_1_26535,531,310,9,6
Ga0401699_0000319_7729_9459,44,43,242,174
Ga0401699_0000333_867_25181,193,142,21,31
Ga0401699_0000350_314_25021,341,246,34,44
Ga0401699_0000375_23479_24477,469,163,2,3
Ga0401699_0000380_14_24028,196,138,23,16
Ga0401699_0000400_10051_10470,41,44,526,325
Ga0401699_0000400_11730_12008,32,27,251,191
Ga0401699_0000400_4722_5192,21,31,486,454
Ga0401699_0000400_5919_6251,14,19,387,276
Ga0401699_0000400_6364_6783,28,52,469,345
Ga0401699_0000400_6823_7740,51,72,964,677
Ga0401699_0000400_7891_8286,32,32,437,350
Ga0401699_0000400_8528_8932,36,60,592,445
Ga0401699_0000400_8980_9534,50,72,756,580
Ga0401699_0000400_9563_9931,21,32,340,278
Ga0401699_0000417_235_23499,351,305,77,71
Ga0401699_0000420_290_23452,256,216,55,17
Ga0401699_0000432_16938_17624,99,171,972,706
Ga0401699_0000432_17765_18301,64,127,632,455
Ga0401699_0000432_18397_19302,136,149,741,672
Ga0401699_0000448_197_22789,177,66,1,1
Ga0401699_0000451_2531_5971,8,5,125,78
Ga0401699_0000457_17498_20746,25,40,129,76
Ga0401699_0000457_2474_3145,44,52,317,237
Ga0401699_0000476_106_3894,28,24,2,4
Ga0401699_0000476_3944_22351,133,104,17,16
Ga0401699_0000500_2409_2789,2,9,85,67
Ga0401699_0000518_2_21568,134,93,0,1
Ga0401699_0000521_26_21778,111,66,1,1
Ga0401699_0000534_2_21496,211,113,18,19
Ga0401699_0000540_115_10512,47,18,3,4
Ga0401699_0000560_11272_13419,29,61,137,121
Ga0401699_0000582_11_20518,495,320,53,44
Ga0401699_0000589_17_20803,181,90,9,20
Ga0401699_0000594_1139_20674,157,119,21,9
Ga0401699_0000678_159_19598,63,31,7,0
Ga0401699_0000690_16281_16772,51,58,340,261
Ga0401699_0000690_2854_3267,10,14,206,122
Ga0401699_0000690_5457_6719,43,39,489,427
Ga0401699_0000690_7240_7782,27,13,303,225
Ga0401699_0000733_13_18981,191,94,12,8
Ga0401699_0000801_126_18653,158,111,2,9
Ga0401699_0000848_19_18303,132,67,0,0
Ga0401699_0000879_11061_18158,25,34,3,3
Ga0401699_0000887_31_17871,241,150,36,15
Ga0401699_0000909_2820_17780,81,69,9,12
Ga0401699_0000940_16881_17798,21,13,177,104
Ga0401699_0000970_1_17592,174,94,4,4
Ga0401699_0000979_2_17629,103,82,5,10
Ga0401699_0001063_2_16960,146,92,25,17
Ga0401699_0001072_2_12127,280,114,2,0
Ga0401699_0001095_3_16931,255,98,0,1
Ga0401699_0001104_16105_16833,8,21,69,88
Ga0401699_0001105_332_16870,116,65,19,6
Ga0401699_0001140_1387_1872,27,27,135,162
Ga0401699_0001140_15463_16515,69,126,304,296
Ga0401699_0001140_5406_6053,446,636,1314,1204
Ga0401699_0001140_6109_6591,223,296,678,584
Ga0401699_0001140_768_1283,50,52,296,257
Ga0401699_0001140_9066_9785,56,120,711,501
Ga0401699_0001140_9968_10906,29,60,324,212
Ga0401699_0001176_12126_12743,68,39,7,8
Ga0401699_0001176_12809_14890,200,187,23,13
Ga0401699_0001176_14905_15918,75,74,10,10
Ga0401699_0001176_2295_2690,19,10,1,1
Ga0401699_0001176_465_1139,20,23,1,3
Ga0401699_0001176_6012_6551,46,42,6,0
Ga0401699_0001176_9956_11971,194,189,25,11
Ga0401699_0001187_274_16422,61,53,5,4
Ga0401699_0001189_14036_14590,17,18,115,85
Ga0401699_0001253_13551_14375,23,4,83,81
Ga0401699_0001253_15389_16027,20,6,75,105
Ga0401699_0001253_5942_7198,29,9,79,96
Ga0401699_0001253_609_1838,76,35,212,249
Ga0401699_0001267_4860_6725,1701,1136,12407,7751
Ga0401699_0001323_782_1192,0,0,72,47
Ga0401699_0001374_9818_10243,631,628,1033,321
Ga0401699_0001472_257_15277,161,140,37,21
Ga0401699_0001473_1_5406,140,40,0,0
Ga0401699_0001511_13117_13863,105,144,583,409
Ga0401699_0001524_6173_6754,148,118,1333,1246
Ga0401699_0001525_5007_7499,86,53,29,24
Ga0401699_0001548_35_15088,60,33,21,20
Ga0401699_0001630_236_14773,86,64,2,7
Ga0401699_0001635_9211_13815,7,7,86,80
Ga0401699_0001637_97_14304,163,145,24,27
Ga0401699_0001655_2995_14784,93,93,11,14
Ga0401699_0001688_5102_14626,124,50,0,0
Ga0401699_0001762_175_13950,55,25,4,5
Ga0401699_0001774_116_14326,29,45,8,1
Ga0401699_0001836_1_14232,249,124,7,11
Ga0401699_0001850_81_12554,171,100,49,30
Ga0401699_0001856_2_14326,146,149,26,38
Ga0401699_0001879_86_14242,127,82,0,5
Ga0401699_0001919_2_14188,276,133,26,10
Ga0401699_0001932_224_13912,63,49,22,1
Ga0401699_0001958_1_14130,1213,900,146,91
Ga0401699_0001985_160_14010,119,56,7,11
Ga0401699_0001993_402_13979,58,52,4,5
Ga0401699_0002012_265_13998,167,119,17,7
Ga0401699_0002023_200_13975,135,96,16,6
Ga0401699_0002028_182_13939,209,173,49,29
Ga0401699_0002045_2251_2370,130,243,38,31
Ga0401699_0002045_2431_2532,218,264,63,31
Ga0401699_0002045_4724_5149,252,376,73,45
Ga0401699_0002045_8932_9495,43,52,13,18
Ga0401699_0002056_56_12655,78,36,0,0
Ga0401699_0002057_212_13855,145,97,34,29
Ga0401699_0002077_91_13761,198,139,36,29
Ga0401699_0002102_29_13873,282,94,0,2
Ga0401699_0002103_89_13921,117,48,0,0
Ga0401699_0002104_179_13921,106,92,24,14
Ga0401699_0002111_36_13646,64,75,210,247
Ga0401699_0002148_85_13608,74,71,6,1
Ga0401699_0002203_3_13733,37,16,0,0
Ga0401699_0002213_219_13742,86,42,5,4
Ga0401699_0002224_267_13352,53,47,3,3
Ga0401699_0002258_148_13479,30,31,3,6
Ga0401699_0002281_221_13630,98,37,1,7
Ga0401699_0002299_77_13489,133,77,9,11
Ga0401699_0002334_4566_6593,31,31,293,173
Ga0401699_0002371_44_13348,957,811,153,203
Ga0401699_0002448_186_13346,107,46,4,4
Ga0401699_0002467_6612_7886,14,10,111,53
Ga0401699_0002564_50_12946,55,29,1,2
Ga0401699_0002572_180_13052,60,40,9,2
Ga0401699_0002577_2_12994,36,33,1,2
Ga0401699_0002598_276_5234,33,26,5,4
Ga0401699_0002598_5192_12976,39,29,3,0
Ga0401699_0002654_443_13030,65,49,2,0
Ga0401699_0002782_3_12848,119,67,8,5
Ga0401699_0002797_169_12705,44,53,7,4
Ga0401699_0002811_242_12685,103,91,13,4
Ga0401699_0002829_11643_12260,68,78,0,0
Ga0401699_0002829_1277_1939,14,8,0,0
Ga0401699_0002829_1940_2560,14,10,0,0
Ga0401699_0002829_3_1148,71,65,1,1
Ga0401699_0002829_5406_6878,131,139,4,0
Ga0401699_0002829_9453_11579,237,183,2,5
Ga0401699_0002875_189_9872,1177,664,235,192
Ga0401699_0002939_181_12378,144,116,25,28
Ga0401699_0002981_148_12339,61,49,7,8
Ga0401699_0003035_361_12390,56,47,11,7
Ga0401699_0003067_1515_3452,119,88,167,170
Ga0401699_0003079_132_12362,121,56,1,0
Ga0401699_0003192_13_12273,15,19,5,1
Ga0401699_0003268_2_12169,200,88,30,7
Ga0401699_0003342_3_9245,96,53,12,7
Ga0401699_0003388_11119_11478,28,24,2,3
Ga0401699_0003388_211_1380,179,219,10,1
Ga0401699_0003388_3297_4067,20,13,0,0
Ga0401699_0003388_4100_4678,25,35,1,0
Ga0401699_0003388_5300_6604,191,213,4,9
Ga0401699_0003388_6680_8260,713,675,26,18
Ga0401699_0003388_8744_9550,147,194,13,1
Ga0401699_0003388_9817_11028,78,118,5,1
Ga0401699_0003462_10552_10917,0,1,59,49
Ga0401699_0003462_3955_4326,3,2,57,60
Ga0401699_0003462_4439_5377,5,4,122,79
Ga0401699_0003462_6270_7538,6,10,169,142
Ga0401699_0003462_652_975,18,28,205,234
Ga0401699_0003462_8608_9144,9,8,72,66
Ga0401699_0003462_9161_9604,2,6,99,58
Ga0401699_0003462_9589_10305,5,4,108,99
Ga0401699_0003462_988_2217,14,6,172,182
Ga0401699_0003587_57_11549,78,58,0,0
Ga0401699_0003760_3_11273,60,23,0,0
Ga0401699_0003799_10405_10965,17,45,2,2
Ga0401699_0003799_106_1476,638,705,30,39
Ga0401699_0003799_1790_3478,346,404,59,27
Ga0401699_0003799_5316_5543,196,216,28,37
Ga0401699_0003799_5823_6434,123,126,15,14
Ga0401699_0003799_6446_8476,537,574,72,79
Ga0401699_0003799_8498_9487,172,234,42,30
Ga0401699_0003944_1_11172,43,41,3,9
Ga0401699_0003948_190_10176,314,261,32,21
Ga0401699_0003969_2_11179,72,75,10,9
Ga0401699_0003988_3_10973,85,37,15,3
Ga0401699_0004080_4150_11043,34,35,2,0
Ga0401699_0004127_3_2051,118,122,4,8
Ga0401699_0004127_3282_4793,20,31,0,5
Ga0401699_0004127_4817_6253,45,74,0,0
Ga0401699_0004127_7513_8520,31,61,0,0
Ga0401699_0004127_8522_10612,141,193,2,1
Ga0401699_0004156_3_10778,58,57,9,4
Ga0401699_0004159_9879_10442,10,3,0,0
Ga0401699_0004176_3720_5027,1669,1923,616,604
Ga0401699_0004216_42_10949,96,68,9,10
Ga0401699_0004326_29_10813,116,65,1,3
Ga0401699_0004552_67_9780,62,54,9,1
Ga0401699_0004585_1_10473,37,26,1,3
Ga0401699_0004646_4083_10451,48,18,3,1
Ga0401699_0004709_137_10390,98,71,3,8
Ga0401699_0004713_2_10069,143,91,18,13
Ga0401699_0004714_637_2727,16,24,6,2
Ga0401699_0004747_2501_2686,42,29,97,101
Ga0401699_0004747_3144_4427,10,27,250,217
Ga0401699_0004747_5060_5743,16,19,291,265
Ga0401699_0004747_5803_9417,4,6,70,68
Ga0401699_0004811_58_10164,94,68,19,19
Ga0401699_0004822_1_10005,33,24,2,3
Ga0401699_0004827_35_9784,38,25,1,0
Ga0401699_0004854_6553_8091,1150,906,97,93
Ga0401699_0004854_8121_8930,430,327,38,31
Ga0401699_0004854_8946_9704,168,165,23,26
Ga0401699_0004868_168_10058,79,45,3,2
Ga0401699_0005139_1696_2070,28,21,550,473
Ga0401699_0005139_2095_2925,80,91,1140,1022
Ga0401699_0005139_2935_3213,7,13,385,349
Ga0401699_0005139_3241_3591,29,30,651,553
Ga0401699_0005139_3612_4256,32,34,1109,1010
Ga0401699_0005139_4340_4702,14,9,512,465
Ga0401699_0005139_4713_4949,6,21,372,353
Ga0401699_0005139_4958_5323,31,25,633,511
Ga0401699_0005139_5341_5640,14,16,536,487
Ga0401699_0005139_5645_6193,27,34,879,784
Ga0401699_0005235_2_9946,51,32,2,0
Ga0401699_0005255_1306_1494,247,304,869,864
Ga0401699_0005255_6938_8038,134,77,227,272
Ga0401699_0005255_8118_8501,42,33,72,82
Ga0401699_0005278_5196_9659,15,13,2,0
Ga0401699_0005451_3_9713,103,39,9,9
Ga0401699_0005466_241_9810,157,64,2,0
Ga0401699_0005680_228_9668,110,63,5,5
Ga0401699_0005692_8_9616,51,24,1,0
Ga0401699_0005752_3_8918,95,33,4,3
Ga0401699_0005785_1_9567,49,26,1,0
Ga0401699_0005815_32_9460,104,37,0,2
Ga0401699_0005953_2_9478,38,30,0,0
Ga0401699_0006040_1025_1495,26,29,3,4
Ga0401699_0006040_1511_1885,46,52,12,5
Ga0401699_0006040_1980_3563,659,902,120,109
Ga0401699_0006040_3934_5061,354,540,68,55
Ga0401699_0006040_508_1050,49,73,7,11
Ga0401699_0006040_8118_8345,66,161,22,8
Ga0401699_0006057_1933_2403,48,56,875,744
Ga0401699_0006057_2442_2816,51,39,633,567
Ga0401699_0006057_2834_3046,17,25,276,220
Ga0401699_0006057_3078_3497,29,37,635,513
Ga0401699_0006057_312_635,26,37,510,381
Ga0401699_0006057_3502_3924,33,69,755,692
Ga0401699_0006057_3937_4854,130,142,2031,1687
Ga0401699_0006057_4872_5261,50,59,795,576
Ga0401699_0006057_5292_5642,73,91,1291,954
Ga0401699_0006057_5852_7084,52,82,1537,1353
Ga0401699_0006057_652_1881,199,180,2357,1970
Ga0401699_0006057_7629_8168,30,26,677,599
Ga0401699_0006062_8069_8539,63,51,344,245
Ga0401699_0006070_2215_2604,20,12,0,0
Ga0401699_0006070_2607_2978,9,19,0,0
Ga0401699_0006070_4067_4822,28,16,0,0
Ga0401699_0006070_5101_5907,27,18,0,0
Ga0401699_0006070_5918_6328,7,8,0,0
Ga0401699_0006070_72_2081,191,118,3,1
Ga0401699_0006214_246_9314,13,22,0,2
Ga0401699_0006227_2425_2724,26,103,492,720
Ga0401699_0006235_133_9297,27,6,0,4
Ga0401699_0006270_1264_2493,15,16,127,113
Ga0401699_0006280_1718_3862,221,152,3,2
Ga0401699_0006280_372_680,16,15,0,0
Ga0401699_0006280_3911_4528,44,26,0,0
Ga0401699_0006280_4689_6341,166,136,5,0
Ga0401699_0006280_691_1704,79,59,0,0
Ga0401699_0006280_7818_8342,37,12,0,0
Ga0401699_0006354_96_9212,21,8,72,123
Ga0401699_0006387_116_9190,23,25,5,2
Ga0401699_0006410_3911_4834,8,18,10,2
Ga0401699_0006410_6346_6492,22,33,10,0
Ga0401699_0006410_7120_7215,4,12,1,2
Ga0401699_0006528_38_8803,95,63,28,32
Ga0401699_0006533_29_9106,40,35,0,0
Ga0401699_0006780_109_8856,27,23,0,1
Ga0401699_0006847_200_8752,33,15,5,3
Ga0401699_0006863_6203_8782,56,39,0,0
Ga0401699_0006891_1_8835,27,22,0,0
Ga0401699_0007049_204_8822,114,47,8,5
Ga0401699_0007093_5420_6685,29,27,220,106
Ga0401699_0007198_85_8628,38,21,1,6
Ga0401699_0007243_664_8586,22,26,0,5
Ga0401699_0007258_6663_8711,146,186,982,699
Ga0401699_0007311_3_8687,28,21,0,2
Ga0401699_0007442_2_8617,82,40,1,3
Ga0401699_0007472_344_8602,49,12,0,0
Ga0401699_0007505_457_8592,146,81,4,2
Ga0401699_0007606_65_8290,63,43,7,1
Ga0401699_0007610_36_8252,194,82,0,0
Ga0401699_0007660_1_8346,336,282,41,63
Ga0401699_0007675_113_8269,39,14,8,1
Ga0401699_0007716_1_8481,285,128,16,23
Ga0401699_0007818_70_8439,36,39,6,5
Ga0401699_0007860_158_8278,313,210,31,33
Ga0401699_0007891_2_8383,46,25,0,1
Ga0401699_0007893_1_8403,23,23,89,69
Ga0401699_0007907_4762_8298,122,71,33,26
Ga0401699_0007966_3_6851,79,56,5,11
Ga0401699_0007998_90_8318,100,48,15,6
Ga0401699_0008082_68_8257,31,25,8,0
Ga0401699_0008087_1_8265,66,39,3,9
Ga0401699_0008216_7_4488,12,8,0,3
Ga0401699_0008321_5058_7460,682,1010,2962,2057
Ga0401699_0008394_30_7892,53,37,1,0
Ga0401699_0008550_493_7788,57,21,0,1
Ga0401699_0008563_1_6255,67,13,0,0
Ga0401699_0008581_1_7785,54,72,7,4
Ga0401699_0008606_209_8080,17,10,4,2
Ga0401699_0008613_81_8075,74,64,10,2
Ga0401699_0008634_1_7713,74,32,6,7
Ga0401699_0008669_69_7886,139,49,3,6
Ga0401699_0008794_2_7993,54,19,5,2
Ga0401699_0008797_158_8005,42,20,0,1
Ga0401699_0008812_1697_2236,32,16,0,0
Ga0401699_0008812_2410_2988,65,41,3,2
Ga0401699_0008812_3044_4192,105,96,0,1
Ga0401699_0008948_45_4727,105,84,5,3
Ga0401699_0009008_831_7262,61,61,15,11
Ga0401699_0009079_395_7330,49,27,1,0
Ga0401699_0009095_1_7893,56,33,4,4
Ga0401699_0009126_259_7854,254,134,32,24
Ga0401699_0009158_2_7600,51,25,0,0
Ga0401699_0009335_98_1162,21,32,122,69
Ga0401699_0009388_228_7796,17,20,1,2
Ga0401699_0009425_239_7744,71,20,0,0
Ga0401699_0009452_156_7763,85,52,5,8
Ga0401699_0009520_129_7754,15,30,3,1
Ga0401699_0009610_17_7723,125,100,13,15
Ga0401699_0009766_53_2107,120,113,41,39
Ga0401699_0009791_44_7201,24,16,5,0
Ga0401699_0009793_1_7650,17,13,1,3
Ga0401699_0009907_60_7613,27,22,0,0
Ga0401699_0009940_31_7602,20,24,0,0
Ga0401699_0009943_2525_3316,183,154,6,2
Ga0401699_0009943_3612_5126,372,342,6,2
Ga0401699_0009943_750_1946,85,45,3,2
Ga0401699_0010018_325_450,6,20,4,0
Ga0401699_0010018_4247_4474,18,34,6,9
Ga0401699_0010018_5933_6352,3,5,0,0
Ga0401699_0010024_2_7429,216,116,5,8
Ga0401699_0010102_57_7226,37,26,4,0
Ga0401699_0010228_102_7493,29,20,0,0
Ga0401699_0010239_162_7457,52,23,0,2
Ga0401699_0010363_1_6411,40,27,0,0
Ga0401699_0010388_6_7406,32,26,0,0
Ga0401699_0010419_49_7368,50,23,4,2
Ga0401699_0010450_64_7428,95,36,0,1
Ga0401699_0010506_604_2070,11,33,57,50
Ga0401699_0010543_13_7416,41,23,0,0
Ga0401699_0010778_2962_7272,25,13,0,0
Ga0401699_0010911_3593_7141,37,7,1,2
Ga0401699_0010922_180_7310,149,103,3,9
Ga0401699_0010981_14_7294,56,16,2,0
Ga0401699_0010982_895_7275,25,21,1,0
Ga0401699_0010992_240_7280,144,50,0,1
Ga0401699_0011017_114_4544,7,7,150,133
Ga0401699_0011204_1292_2716,205,93,482,673
Ga0401699_0011204_2731_3132,69,41,197,227
Ga0401699_0011257_3_6959,28,17,0,1
Ga0401699_0011260_1426_7041,49,12,1,0
Ga0401699_0011280_2_7132,22,5,0,0
Ga0401699_0011300_6_7172,24,40,0,3
Ga0401699_0011326_3_6914,106,29,0,3
Ga0401699_0011393_2_7012,20,14,0,0
Ga0401699_0011408_86_7162,114,41,0,0
Ga0401699_0011441_1478_2938,26,24,202,188
Ga0401699_0011441_3317_7135,241,304,781,676
Ga0401699_0011520_2_6835,284,247,53,67
Ga0401699_0011611_87_7115,112,35,0,0
Ga0401699_0011675_1402_2142,51,33,0,0
Ga0401699_0011675_2424_3263,26,30,0,0
Ga0401699_0011675_4907_5272,44,56,2,1
Ga0401699_0011675_5353_5580,41,34,0,0
Ga0401699_0011768_850_7077,97,45,2,0
Ga0401699_0011814_1_7062,59,43,6,7
Ga0401699_0011825_1255_6951,39,14,0,0
Ga0401699_0011864_216_6983,13,27,0,0
Ga0401699_0011898_131_7042,38,19,4,2
Ga0401699_0012031_22_6735,35,19,0,1
Ga0401699_0012043_1_6756,32,17,0,0
Ga0401699_0012148_1_6972,73,58,10,7
Ga0401699_0012157_210_6668,39,30,6,1
Ga0401699_0012290_59_6877,41,32,1,1
Ga0401699_0012320_103_6876,47,15,0,0
Ga0401699_0012387_108_4268,31,20,0,0
Ga0401699_0012512_1637_3175,779,584,8,2
Ga0401699_0012512_26_805,206,232,2,5
Ga0401699_0012512_3312_4790,188,201,1,2
Ga0401699_0012512_5409_6605,174,140,3,3
Ga0401699_0012512_795_1604,273,222,3,0
Ga0401699_0012563_3_6842,12,14,3,2
Ga0401699_0012673_275_6856,100,43,9,11
Ga0401699_0012808_2347_3684,8,31,0,0
Ga0401699_0012808_3764_5344,58,170,6,10
Ga0401699_0012808_498_1271,8,13,1,0
Ga0401699_0012942_4_6663,27,30,78,74
Ga0401699_0012967_14_6790,73,65,10,3
Ga0401699_0013093_155_940,63,26,55,55
Ga0401699_0013121_1_6756,82,33,5,1
Ga0401699_0013187_77_6628,91,64,5,8
Ga0401699_0013225_200_6502,168,66,1,2
Ga0401699_0013237_2057_6490,76,53,5,4
Ga0401699_0013253_3692_4483,356,258,47,29
Ga0401699_0013253_4817_6307,587,467,45,53
Ga0401699_0013253_701_1858,115,85,8,9
Ga0401699_0013253_75_653,71,65,6,5
Ga0401699_0013346_5222_6247,128,67,13,14
Ga0401699_0013353_1_6690,33,21,2,2
Ga0401699_0013358_4467_5252,51,19,93,82
Ga0401699_0013645_229_6534,247,204,33,20
Ga0401699_0013654_1454_2032,18,13,0,0
Ga0401699_0013654_252_1400,15,30,0,2
Ga0401699_0013654_3841_4632,51,42,0,0
Ga0401699_0013654_4965_6455,104,104,1,0
Ga0401699_0013688_151_6606,30,11,0,0
Ga0401699_0013705_36_6536,78,52,0,0
Ga0401699_0013868_17_5014,8,4,0,0
Ga0401699_0013904_3_6536,50,24,0,2
Ga0401699_0013940_40_6588,98,32,8,7
Ga0401699_0013967_1228_1674,16,30,297,296
Ga0401699_0014045_51_6566,23,42,0,1
Ga0401699_0014073_1997_6559,84,36,2,4
Ga0401699_0014233_17_6526,682,265,19,11
Ga0401699_0014335_628_6435,56,44,11,2
Ga0401699_0014336_3754_4191,58,42,211,218
Ga0401699_0014620_3610_4236,20,12,135,57
Ga0401699_0014683_2080_2655,0,12,0,0
Ga0401699_0014683_4000_6012,19,79,8,0
Ga0401699_0014728_106_6342,5,1,94,136
Ga0401699_0014729_1419_3488,50,34,0,0
Ga0401699_0014729_3554_4171,29,6,0,0
Ga0401699_0014729_391_1404,27,12,0,0
Ga0401699_0014729_4325_6340,54,33,1,0
Ga0401699_0014766_195_6425,48,18,0,0
Ga0401699_0014795_2_6421,120,60,5,5
Ga0401699_0014796_19_6423,1,0,4,0
Ga0401699_0014804_215_394,160,184,597,369
Ga0401699_0014858_2271_2636,123,67,17,5
Ga0401699_0014858_2765_3520,254,415,43,38
Ga0401699_0014858_3569_4267,372,519,41,57
Ga0401699_0014858_4565_5722,329,398,40,51
Ga0401699_0014858_5771_6373,115,171,20,8
Ga0401699_0015021_35_6379,24,13,0,0
Ga0401699_0015043_760_6009,45,48,5,2
Ga0401699_0015093_9_6311,89,59,9,12
Ga0401699_0015107_226_6339,147,52,8,11
Ga0401699_0015174_36_6311,50,22,4,0
Ga0401699_0015661_1_6264,51,36,9,6
Ga0401699_0015744_50_6100,45,19,2,3
Ga0401699_0015823_88_6159,23,20,0,1
Ga0401699_0016176_1_6084,26,16,1,2
Ga0401699_0016184_2_5473,17,9,0,0
Ga0401699_0016237_1_6141,132,122,7,4
Ga0401699_0016422_2_5845,26,12,0,0
Ga0401699_0016455_4303_5268,103,46,43,49
Ga0401699_0016562_441_6083,32,13,0,1
Ga0401699_0016658_18_749,78,166,11,23
Ga0401699_0016737_26_6091,22,19,0,0
Ga0401699_0016878_3_6062,61,30,4,4
Ga0401699_0016987_31_6045,106,61,12,14
Ga0401699_0017070_6_3503,136,71,53,38
Ga0401699_0017219_2_6010,19,12,0,0
Ga0401699_0017314_399_5921,68,53,0,0
Ga0401699_0017432_17_5935,22,17,0,0
Ga0401699_0017505_150_5777,15,9,1,0
Ga0401699_0017559_1690_2418,71,96,51,34
Ga0401699_0017559_3052_4845,210,209,117,142
Ga0401699_0017657_488_1726,230,130,1,3
Ga0401699_0017817_2413_2838,8,17,65,36
Ga0401699_0017839_207_1502,157,156,2,0
Ga0401699_0017988_105_1484,248,237,1,2
Ga0401699_0018016_34_5475,143,91,44,19
Ga0401699_0018161_113_5875,564,390,72,51
Ga0401699_0018612_2_5818,48,24,7,0
Ga0401699_0018705_1992_2411,46,32,302,337
Ga0401699_0018705_4462_4821,8,3,37,55
Ga0401699_0018705_612_1094,51,58,161,187
Ga0401699_0018759_4_5715,26,25,0,0
Ga0401699_0018949_168_5774,30,38,14,10
Ga0401699_0019046_511_5760,23,8,0,0
Ga0401699_0019112_1_5754,33,28,1,2
Ga0401699_0019217_3_5624,26,7,0,0
Ga0401699_0019244_2193_5561,17,6,0,0
Ga0401699_0019473_3424_3843,96,105,628,701
Ga0401699_0019473_3912_4661,35,90,225,171
Ga0401699_0019506_1826_3322,213,291,24,33
Ga0401699_0019506_92_1570,160,266,28,29
Ga0401699_0019534_337_5604,21,17,1,0
Ga0401699_0019624_448_939,52,52,89,93
Ga0401699_0019761_606_5297,1,12,0,0
Ga0401699_0019825_2_5659,18,11,1,0
Ga0401699_0019834_162_5660,24,8,0,0
Ga0401699_0019840_1140_1757,29,32,0,2
Ga0401699_0019840_142_510,29,15,0,0
Ga0401699_0019840_691_1122,9,17,0,0
Ga0401699_0019861_877_5655,21,17,0,0
Ga0401699_0019895_3_5648,587,343,77,51
Ga0401699_0019998_2843_3028,178,196,70,59
Ga0401699_0020057_3191_5404,165,116,172,215
Ga0401699_0020058_1_5604,399,286,53,47
Ga0401699_0020076_127_5628,42,13,1,3
Ga0401699_0020077_2_5290,17,14,0,2
Ga0401699_0020199_5_5476,148,132,10,3
Ga0401699_0020225_237_5399,52,45,4,4
Ga0401699_0020259_1_5265,49,27,10,5
Ga0401699_0020305_61_5478,67,27,0,0
Ga0401699_0020306_115_5541,232,138,1,0
Ga0401699_0020553_61_5307,92,67,99,131
Ga0401699_0020560_101_2920,12,13,0,0
Ga0401699_0020839_28_5535,28,14,0,0
Ga0401699_0021068_2178_2987,261,174,2,0
Ga0401699_0021068_3010_3765,256,191,0,8
Ga0401699_0021068_35_472,6,10,0,0
Ga0401699_0021068_3944_4387,68,61,2,0
Ga0401699_0021068_4389_4679,69,66,3,1
Ga0401699_0021068_622_2160,662,506,8,9
Ga0401699_0021105_1_5028,16,12,0,0
Ga0401699_0021219_190_5496,92,40,0,0
Ga0401699_0021243_14_5458,50,40,0,0
Ga0401699_0021455_210_5399,60,95,189,217
Ga0401699_0021713_287_5440,37,10,0,0
Ga0401699_0021792_48_5135,153,49,5,1
Ga0401699_0021857_62_3892,12,5,0,0
Ga0401699_0021890_55_5370,71,50,1,0
Ga0401699_0021904_86_5311,28,17,1,1
Ga0401699_0022054_3_5387,75,46,0,0
Ga0401699_0022117_61_5397,21,13,0,0
Ga0401699_0022161_3388_4452,61,79,388,387
Ga0401699_0022161_4765_5067,16,36,152,140
Ga0401699_0022161_967_1311,6,6,135,140
Ga0401699_0022270_213_5372,39,29,2,2
Ga0401699_0022286_70_5172,217,210,123,110
Ga0401699_0022601_18_5192,31,22,91,105
Ga0401699_0022638_36_5342,79,43,8,2
Ga0401699_0022896_1926_2264,138,178,25,24
Ga0401699_0022913_1140_2732,8,4,156,155
Ga0401699_0022981_130_5103,14,7,0,0
Ga0401699_0023050_7_5301,28,13,0,0
Ga0401699_0023131_1690_2679,119,112,4,4
Ga0401699_0023131_208_768,5,12,0,0
Ga0401699_0023131_2701_4731,292,316,5,9
Ga0401699_0023144_1937_2653,28,15,12,15
Ga0401699_0023287_86_310,108,210,21,18
Ga0401699_0023400_100_5271,48,19,0,0
Ga0401699_0023552_154_1638,30,25,0,0
Ga0401699_0023552_1769_3307,301,141,2,0
Ga0401699_0023552_3337_4146,116,69,1,0
Ga0401699_0023552_4162_4920,69,57,1,0
Ga0401699_0023617_86_5152,21,22,1,1
Ga0401699_0023710_635_5239,21,17,0,2
Ga0401699_0023763_262_5232,18,6,0,1
Ga0401699_0023785_2564_5230,4,17,0,0
Ga0401699_0024068_1058_1867,82,64,0,2
Ga0401699_0024068_1897_3435,232,190,9,0
Ga0401699_0024068_285_1043,86,75,1,0
Ga0401699_0024068_3568_5052,127,111,12,11
Ga0401699_0024127_2614_4680,7,66,3,2
Ga0401699_0024172_486_5084,46,21,2,1
Ga0401699_0024278_194_2452,851,680,332,271
Ga0401699_0024278_2479_4683,819,736,436,255
Ga0401699_0024458_126_5168,67,27,0,0
Ga0401699_0024594_2464_5121,15,6,81,75
Ga0401699_0024594_342_2549,17,7,56,55
Ga0401699_0024652_3_4562,12,14,0,0
Ga0401699_0024668_190_5148,30,8,0,0
Ga0401699_0024729_147_5135,34,27,2,1
Ga0401699_0024834_2_5134,22,9,0,0
Ga0401699_0024844_133_3558,69,52,58,68
Ga0401699_0025033_60_5117,96,36,0,1
Ga0401699_0025355_236_4807,11,19,2,1
Ga0401699_0025495_32_5077,33,19,0,0
Ga0401699_0025566_151_4857,181,131,16,14
Ga0401699_0025582_2308_3777,183,170,586,401
Ga0401699_0025958_83_4864,7,14,2,6
Ga0401699_0026105_2245_5025,21,17,2,3
Ga0401699_0026242_3_4880,7,20,4,0
Ga0401699_0026311_79_5004,57,32,0,0
Ga0401699_0026549_3_4898,29,29,0,0
Ga0401699_0026600_3_4922,628,210,5,4
Ga0401699_0026610_1_4986,49,11,4,1
Ga0401699_0026706_3_4877,36,15,5,8
Ga0401699_0026787_34_2289,237,116,45,35
Ga0401699_0026946_14_4732,128,37,0,0
Ga0401699_0026957_3699_4958,552,281,114,52
Ga0401699_0027090_404_4828,41,28,7,2
Ga0401699_0027211_266_4801,8,18,3,0
Ga0401699_0027291_28_4884,22,14,4,0
Ga0401699_0027428_11_4924,50,26,2,5
Ga0401699_0027630_1_2430,30,8,0,0
Ga0401699_0027707_4_4902,330,281,40,39
Ga0401699_0027731_85_4899,324,263,27,14
Ga0401699_0027851_1253_4450,7,11,47,49
Ga0401699_0027969_2454_3686,8,7,114,76
Ga0401699_0027969_3724_4203,5,4,72,66
Ga0401699_0028219_1_3456,46,29,6,0
Ga0401699_0028383_3_4823,40,23,0,0
Ga0401699_0028605_1212_2648,12,11,114,150
Ga0401699_0028605_3036_3461,22,11,212,204
Ga0401699_0028605_3496_4188,21,15,303,291
Ga0401699_0028605_4246_4629,14,8,163,159
Ga0401699_0028620_312_4784,144,132,62,51
Ga0401699_0028740_337_4794,63,41,3,2
Ga0401699_0029081_185_4657,62,38,8,2
Ga0401699_0029450_22_4599,132,154,20,38
Ga0401699_0029648_1570_3228,601,330,20,14
Ga0401699_0029654_134_4591,12,20,1,1
Ga0401699_0029760_290_4696,165,115,76,58
Ga0401699_0029774_11_4744,7,6,0,0
Ga0401699_0029790_384_4745,158,46,0,0
Ga0401699_0029907_126_4721,78,17,3,1
Ga0401699_0029986_80_4693,43,21,0,0
Ga0401699_0030066_123_2381,675,503,666,469
Ga0401699_0030066_2418_4622,559,433,593,428
Ga0401699_0030330_1_4620,8,13,0,4
Ga0401699_0030521_78_2585,14,6,0,0
Ga0401699_0030574_439_4005,32,20,0,0
Ga0401699_0030590_38_4600,84,66,7,8
Ga0401699_0030644_445_1470,55,38,6,8
Ga0401699_0030661_39_4508,270,139,2,5
Ga0401699_0030723_1_4686,32,31,0,3
Ga0401699_0030736_63_4685,68,42,8,2
Ga0401699_0030853_2_2440,24,10,0,0
Ga0401699_0031021_144_1664,896,633,1310,1122
Ga0401699_0031021_2875_3123,288,425,574,464
Ga0401699_0031021_3287_4036,237,208,459,356
Ga0401699_0031119_1670_2215,28,22,184,75
Ga0401699_0031175_3_4286,15,12,0,0
Ga0401699_0031224_407_4654,27,25,8,0
Ga0401699_0031231_86_814,230,173,810,915
Ga0401699_0031231_880_1128,47,25,106,102
Ga0401699_0031448_24_4577,35,9,0,0
Ga0401699_0031682_4_4623,0,0,0,0
Ga0401699_0031737_2_4621,52,16,0,0
Ga0401699_0031819_130_4464,25,12,0,0
Ga0401699_0032153_988_1641,35,63,15,6
Ga0401699_0032296_1770_2963,14,76,8,2
Ga0401699_0032296_3071_3430,6,26,0,1
Ga0401699_0032296_696_1502,8,21,2,0
Ga0401699_0032374_15_4583,23,8,0,0
Ga0401699_0032606_3_4427,11,10,0,0
Ga0401699_0032682_295_4566,64,38,4,5
Ga0401699_0032957_73_4551,27,15,0,0
Ga0401699_0033501_408_2198,3828,1631,26,30
Ga0401699_0033893_1_4500,0,0,0,0
Ga0401699_0033981_1179_2669,551,522,4,6
Ga0401699_0033981_2857_4353,123,128,4,0
Ga0401699_0033981_75_860,243,229,4,1
Ga0401699_0034640_1722_4427,51,44,8,3
Ga0401699_0035227_3_4199,8,6,1,1
Ga0401699_0035404_1_4350,12,11,0,0
Ga0401699_0035809_933_4388,88,41,4,0
Ga0401699_0035973_1554_2984,166,65,48,32
Ga0401699_0036288_1_4347,8,5,0,0
Ga0401699_0036336_1_4362,65,52,9,5
Ga0401699_0036415_2_3973,11,6,0,0
Ga0401699_0036526_2190_3686,164,141,18,16
Ga0401699_0036526_573_1811,178,138,7,20
Ga0401699_0036539_3_4301,313,117,42,45
Ga0401699_0036769_188_2842,191,100,8,2
Ga0401699_0037272_69_4313,20,8,0,0
Ga0401699_0037772_131_3232,39,21,1,0
Ga0401699_0037906_115_3825,4,5,0,0
Ga0401699_0037921_75_4283,4,7,0,0
Ga0401699_0037964_795_2864,43,17,0,0
Ga0401699_0038074_173_697,51,35,7,1
Ga0401699_0038116_170_3919,147,92,646,800
Ga0401699_0038271_28_3177,27,13,0,0
Ga0401699_0038337_3_3731,4,3,0,0
Ga0401699_0038471_1_4254,424,78,3,1
Ga0401699_0038712_26_4243,26,19,2,6
Ga0401699_0038717_3_4232,36,12,0,0
Ga0401699_0038718_69_4244,25,18,3,2
Ga0401699_0038885_218_775,69,97,346,348
Ga0401699_0038885_3567_4025,43,84,214,235
Ga0401699_0039237_11_4219,18,13,0,0
Ga0401699_0039345_22_4215,12,16,0,0
Ga0401699_0039407_1_4176,74,30,0,0
Ga0401699_0039448_621_2825,227,126,1322,693
Ga0401699_0039724_338_4099,11,11,0,0
Ga0401699_0039796_3_4193,60,173,0,0
Ga0401699_0039816_3521_3970,615,376,70,64
Ga0401699_0040310_111_3614,25,9,4,3
Ga0401699_0040367_576_4169,249,223,29,36
Ga0401699_0040529_30_4160,14,8,0,0
Ga0401699_0040534_31_4161,233,49,0,0
Ga0401699_0040904_71_4027,40,18,0,0
Ga0401699_0041092_446_4138,7,11,0,0
Ga0401699_0041344_2_4090,71,24,0,5
Ga0401699_0041367_84_2567,6,8,0,0
Ga0401699_0041525_136_4098,11,15,0,1
Ga0401699_0041566_969_1868,18,67,0,0
Ga0401699_0041628_412_4113,13,8,0,0
Ga0401699_0041791_25_3918,54,33,2,0
Ga0401699_0041844_1037_4105,47,29,8,10
Ga0401699_0042189_355_4092,34,21,1,2
Ga0401699_0042274_57_4088,29,10,0,0
Ga0401699_0042363_3308_3946,8,14,211,160
Ga0401699_0042458_236_4009,29,19,0,0
Ga0401699_0042667_2773_3714,38,26,113,111
Ga0401699_0042686_245_3445,126,37,0,0
Ga0401699_0042914_27_833,56,34,0,1
Ga0401699_0042926_228_4061,40,17,7,2
Ga0401699_0043012_1145_1828,11,4,55,77
Ga0401699_0043012_2397_3107,18,6,111,145
Ga0401699_0043012_3143_3547,12,0,83,112
Ga0401699_0043303_165_4046,25,23,2,2
Ga0401699_0043457_32_4039,37,24,0,0
Ga0401699_0043563_59_4036,35,18,0,0
Ga0401699_0043813_1651_2277,543,229,3,1
Ga0401699_0043905_2_4021,118,27,0,0
Ga0401699_0044023_182_2341,7,2,0,0
Ga0401699_0044122_88_3978,68,28,1,0
Ga0401699_0044218_2318_3595,17,22,190,179
Ga0401699_0044218_808_2298,32,28,229,248
Ga0401699_0044294_502_3924,34,11,0,0
Ga0401699_0044428_212_3721,2516,942,37,17
Ga0401699_0044585_171_3857,68,49,3,8
Ga0401699_0045030_2533_3972,69,18,0,0
Ga0401699_0045030_452_1441,29,21,1,1
Ga0401699_0045259_242_3469,2007,731,11,6
Ga0401699_0045367_33_3797,56,47,3,5
Ga0401699_0045371_2_1423,50,44,140,76
Ga0401699_0045883_84_3824,115,60,2,4
Ga0401699_0046007_1061_3661,4,15,0,0
Ga0401699_0046111_2_3610,12,28,0,0
Ga0401699_0046167_1_3555,41,22,5,0
Ga0401699_0046173_181_3924,54,35,3,1
Ga0401699_0046253_52_3798,7,28,0,0
Ga0401699_0046335_1034_3808,5,6,0,0
Ga0401699_0046394_97_543,31,16,84,97
Ga0401699_0046435_2_3925,52,27,10,1
Ga0401699_0046547_105_3902,35,13,0,0
Ga0401699_0046638_121_3840,102,69,0,4
Ga0401699_0046794_5_3913,77,48,5,0
Ga0401699_0046867_3516_3737,39,54,85,52
Ga0401699_0046885_1867_3027,178,213,7,14
Ga0401699_0046885_3075_3677,55,66,4,4
Ga0401699_0046885_73_828,186,218,6,14
Ga0401699_0046885_877_1689,211,293,24,14
Ga0401699_0046903_99_3854,14,11,0,0
Ga0401699_0046936_1_3819,14,3,0,0
Ga0401699_0047082_214_3843,107,95,23,9
Ga0401699_0047213_2162_2923,43,24,0,1
Ga0401699_0047304_1948_3894,43,47,534,563
Ga0401699_0047466_1339_3828,81,57,13,4
Ga0401699_0047613_48_3665,4,9,2,0
Ga0401699_0047649_2467_2721,411,463,1775,1283
Ga0401699_0047780_79_1239,309,195,5,6
Ga0401699_0047785_180_3128,1279,773,196,251
Ga0401699_0048172_129_3827,114,65,1,1
Ga0401699_0048224_81_3860,16,5,0,0
Ga0401699_0048490_38_3850,123,52,2,1
Ga0401699_0048531_7_3684,40,24,0,0
Ga0401699_0049108_115_3738,6,5,0,0
Ga0401699_0049166_263_3730,30,24,0,3
Ga0401699_0049307_162_3794,7,5,0,0
Ga0401699_0049702_3_3809,80,35,2,2
Ga0401699_0049910_3_3656,10,8,9,7
Ga0401699_0050497_59_3559,22,32,2,1
Ga0401699_0050694_350_3757,44,19,0,0
Ga0401699_0050878_29_2473,71,71,0,2
Ga0401699_0050900_1145_3634,23,23,0,0
Ga0401699_0050930_1687_2478,65,62,2,1
Ga0401699_0050930_2811_3770,87,37,2,6
Ga0401699_0051295_117_3638,1031,319,18,4
Ga0401699_0051566_1_3525,6,8,0,0
Ga0401699_0051573_116_1555,242,110,485,563
Ga0401699_0051580_78_3632,10,26,1,0
Ga0401699_0051715_185_3673,45,29,62,83
Ga0401699_0051984_480_3551,26,38,0,0
Ga0401699_0052156_2_3502,9,10,0,0
Ga0401699_0052238_2482_3729,73,77,128,122
Ga0401699_0052339_108_3713,65,38,2,1
Ga0401699_0052834_14_3712,25,9,0,0
Ga0401699_0053122_26_3703,40,30,0,1
Ga0401699_0053173_175_3657,169,94,4,24
Ga0401699_0053336_1449_3290,46,50,5,5
Ga0401699_0053336_805_1338,50,66,4,4
Ga0401699_0054185_25_3579,234,173,25,47
Ga0401699_0054306_76_3405,18,15,36,40
Ga0401699_0054431_19_3579,183,122,8,25
Ga0401699_0054480_36_3395,297,165,4,0
Ga0401699_0054503_104_3616,26,20,0,0
Ga0401699_0054518_31_3663,71,32,1,4
Ga0401699_0054927_1067_2026,99,67,2,1
Ga0401699_0054927_2023_2784,56,89,1,0
Ga0401699_0054927_514_1023,375,438,0,3
Ga0401699_0055211_1866_3575,8,13,0,3
Ga0401699_0055211_209_1774,11,11,0,0
Ga0401699_0055847_54_3452,34,13,0,0
Ga0401699_0055878_1178_3403,44,19,0,0
Ga0401699_0056072_2_3583,22,6,0,0
Ga0401699_0056490_101_3457,10,5,1,1
Ga0401699_0056838_96_3383,151,105,193,202
Ga0401699_0056858_144_3527,40,39,0,4
Ga0401699_0057123_86_3295,125,131,6,16
Ga0401699_0057272_457_3549,230,84,1,1
Ga0401699_0057377_3376_3585,407,405,1181,1056
Ga0401699_0057484_56_3199,20,23,4,5
Ga0401699_0058105_43_3006,69,34,6,7
Ga0401699_0058208_3_3563,19,4,0,0
Ga0401699_0058217_808_2253,4,8,0,0
Ga0401699_0058347_167_3532,178,142,24,49
Ga0401699_0058418_2301_3557,17,9,0,0
Ga0401699_0058543_2478_3503,27,29,165,147
Ga0401699_0058595_1_3516,15,7,0,0
Ga0401699_0058655_1_3099,15,21,0,2
Ga0401699_0058987_163_3504,123,39,2,1
Ga0401699_0059215_3_3404,11,11,3,1
Ga0401699_0059528_576_3422,4,5,0,0
Ga0401699_0059763_2614_3441,34,19,255,265
Ga0401699_0059872_25_3519,55,36,3,0
Ga0401699_0060227_1331_3439,12,4,0,0
Ga0401699_0060237_247_3483,166,97,7,28
Ga0401699_0060286_212_3511,39,10,0,0
Ga0401699_0060298_1432_3510,9,15,0,0
Ga0401699_0060312_119_3337,9,21,0,3
Ga0401699_0060527_1034_2908,125,133,410,338
Ga0401699_0060571_147_2411,168,82,16,11
Ga0401699_0060753_418_858,116,64,36,35
Ga0401699_0060790_331_3000,23,56,3,0
Ga0401699_0060867_73_1569,140,129,7,10
Ga0401699_0060874_242_3448,53,22,3,3
Ga0401699_0060990_2214_3494,26,14,0,0
Ga0401699_0061032_2893_3162,53,166,186,165
Ga0401699_0061601_57_3284,77,20,3,1
Ga0401699_0061803_270_3410,117,33,2,0
Ga0401699_0061811_107_3454,17,16,1,3
Ga0401699_0062471_260_3319,15,23,0,0
Ga0401699_0062752_221_3451,751,383,13,24
Ga0401699_0062763_186_3335,32,16,0,0
Ga0401699_0062942_21_3392,42,10,3,4
Ga0401699_0062957_1209_3218,13,37,2,6
Ga0401699_0063283_1_3429,171,100,11,17
Ga0401699_0063331_149_3400,121,125,10,13
Ga0401699_0063600_3_3434,6,17,0,0
Ga0401699_0063784_63_1337,18,24,2,1
Ga0401699_0063868_576_3218,9,2,0,0
Ga0401699_0063923_133_3222,623,209,2,1
Ga0401699_0063938_166_3273,16,16,4,2
Ga0401699_0064185_143_3403,153,112,8,21
Ga0401699_0064431_8_3193,51,18,0,0
Ga0401699_0064504_69_3203,29,10,0,0
Ga0401699_0064510_74_3397,80,21,3,3
Ga0401699_0064542_1_3312,6,6,0,0
Ga0401699_0064657_137_3385,263,189,46,52
Ga0401699_0064670_99_3218,30,38,1,2
Ga0401699_0064729_65_3175,32,25,0,0
Ga0401699_0064978_3_1394,611,463,43,44
Ga0401699_0065800_2197_3384,85,72,260,286
Ga0401699_0066353_13_3120,170,57,1,1
Ga0401699_0066409_1_3369,11,6,0,0
Ga0401699_0066474_54_3137,136,59,24,14
Ga0401699_0066544_35_3193,167,90,7,21
Ga0401699_0066595_188_3364,33,25,9,3
Ga0401699_0066697_313_1500,30,44,3,5
Ga0401699_0066738_32_3118,38,41,9,0
Ga0401699_0066805_10_3360,208,35,1,1
Ga0401699_0066894_25_3195,117,96,20,29
Ga0401699_0067634_1124_2962,117,107,2,5
Ga0401699_0067773_18_3173,205,122,32,39
Ga0401699_0067933_1456_1875,15,20,129,148
Ga0401699_0067933_2473_3336,218,273,564,568
Ga0401699_0067988_478_3294,889,934,200,255
Ga0401699_0068667_147_3260,207,163,34,42
Ga0401699_0068748_363_3173,182,143,30,8
Ga0401699_0068816_5_3316,17,10,0,0
Ga0401699_0068974_106_2916,28,22,4,4
Ga0401699_0068985_49_2601,84,63,203,119
Ga0401699_0069004_187_3213,150,105,21,9
Ga0401699_0069179_63_3170,38,19,4,2
Ga0401699_0069367_1_3285,76,41,0,1
Ga0401699_0069392_108_3293,86,21,0,0
Ga0401699_0069504_292_3129,112,78,6,3
Ga0401699_0069568_3_1991,6,15,42,69
Ga0401699_0069616_24_3302,8,11,0,0
Ga0401699_0069861_49_3084,75,26,0,0
Ga0401699_0070045_51_3167,115,55,4,16
Ga0401699_0070180_1_2715,37,69,0,0
Ga0401699_0070232_1504_2409,406,420,17,7
Ga0401699_0070232_3_1502,467,673,21,8
Ga0401699_0070412_15_3287,0,0,0,0
Ga0401699_0070653_2_3112,12,9,0,0
Ga0401699_0071366_218_3136,15,16,0,5
Ga0401699_0071603_3_2387,47,23,0,0
Ga0401699_0071612_169_3171,12,7,0,0
Ga0401699_0071662_57_3260,13,9,0,0
Ga0401699_0071794_40_3093,61,50,12,0
Ga0401699_0071856_20_1297,647,663,27,13
Ga0401699_0071856_2505_3257,48,40,0,4
Ga0401699_0072020_1_3117,121,70,25,15
Ga0401699_0072800_33_3239,70,31,0,3
Ga0401699_0073024_708_3206,0,0,0,0
Ga0401699_0073697_68_3202,111,50,5,14
Ga0401699_0073852_93_3119,31,14,0,1
Ga0401699_0074181_3_3128,52,51,0,0
Ga0401699_0074699_1396_3147,12,20,2,3
Ga0401699_0074874_3_953,319,167,10,6
Ga0401699_0074981_1546_1953,6,10,123,160
Ga0401699_0074981_19_957,25,33,347,339
Ga0401699_0074981_1978_2196,14,2,63,111
Ga0401699_0074981_2224_2598,18,11,139,148
Ga0401699_0074981_2648_3118,9,9,160,189
Ga0401699_0074981_995_1450,31,15,251,274
Ga0401699_0074999_2034_2405,10,16,181,176
Ga0401699_0074999_2443_2835,16,12,122,99
Ga0401699_0074999_55_570,2,14,100,108
Ga0401699_0074999_602_1870,24,40,392,409
Ga0401699_0075071_1461_1655,3,1,55,61
Ga0401699_0075071_1659_1877,6,1,89,67
Ga0401699_0075205_247_3102,6,1,0,0
Ga0401699_0075256_336_3149,17,16,4,1
Ga0401699_0075335_220_3192,66,28,9,2
Ga0401699_0075342_1_2943,17,10,0,0
Ga0401699_0075824_18_3122,70,32,4,0
Ga0401699_0076407_102_554,49,58,105,95
Ga0401699_0076407_664_1533,18,13,50,49
Ga0401699_0076427_100_3171,42,10,0,0
Ga0401699_0076680_64_2739,67,42,3,0
Ga0401699_0076957_21_3077,90,38,6,1
Ga0401699_0077152_129_2882,258,117,11,9
Ga0401699_0077235_121_3000,28,22,2,2
Ga0401699_0077259_1217_1609,156,114,62,55
Ga0401699_0077259_632_1015,152,116,53,58
Ga0401699_0077739_1873_2430,112,80,67,75
Ga0401699_0077901_1394_3145,89,48,3,0
Ga0401699_0078168_137_3061,11,9,0,0
Ga0401699_0078563_1721_2161,47,44,1,5
Ga0401699_0078563_2658_3023,44,46,0,2
Ga0401699_0078563_504_1268,497,721,70,68
Ga0401699_0078785_32_3130,46,34,3,6
Ga0401699_0078951_1493_1795,3,6,71,76
Ga0401699_0078951_2461_3123,48,19,372,317
Ga0401699_0078994_30_3023,119,40,0,0
Ga0401699_0078998_20_2959,46,21,2,0
Ga0401699_0079445_92_3019,12,9,4,3
Ga0401699_0079598_51_3068,81,35,0,0
Ga0401699_0079635_3_3047,39,9,0,0
Ga0401699_0080056_124_3018,203,193,40,63
Ga0401699_0080079_127_3045,7,3,0,0
Ga0401699_0080366_234_2981,21,7,0,1
Ga0401699_0080376_244_3060,64,25,16,8
Ga0401699_0081211_205_3024,11,5,0,0
Ga0401699_0081507_19_2985,21,15,1,2
Ga0401699_0081595_28_2952,77,27,0,0
Ga0401699_0081933_3_920,16,13,281,284
Ga0401699_0082626_11_3013,15,2,0,0
Ga0401699_0082949_56_2608,86,37,30,26
Ga0401699_0083143_1_372,142,167,228,131
Ga0401699_0083356_545_1924,451,301,1091,1370
Ga0401699_0083566_139_2814,9,5,3,0
Ga0401699_0083730_2_1300,220,136,24,23
Ga0401699_0083880_190_2991,70,39,0,1
Ga0401699_0084121_157_3036,135,92,3,19
Ga0401699_0084344_1393_1566,5,7,75,56
Ga0401699_0084344_1773_2795,103,45,271,337
Ga0401699_0084392_1037_2713,339,351,161,105
Ga0401699_0084522_30_2864,125,62,10,10
Ga0401699_0084653_1_3039,12,5,0,0
Ga0401699_0085015_32_3034,24,31,3,0
Ga0401699_0085393_40_2973,41,7,0,0
Ga0401699_0085449_75_2807,6,9,0,0
Ga0401699_0085860_94_2949,20,7,4,7
Ga0401699_0086453_2319_3011,89,101,24,9
Ga0401699_0087019_61_2778,813,256,1,0
Ga0401699_0087477_58_2988,105,48,4,3
Ga0401699_0087751_17_1516,109,79,18,12
Ga0401699_0087933_19_2847,37,23,0,0
Ga0401699_0088484_79_1878,18,32,6,0
Ga0401699_0088503_6_2708,55,56,14,13
Ga0401699_0088976_3_2942,37,7,0,0
Ga0401699_0089083_40_1599,85,37,3,5
Ga0401699_0089089_263_2854,82,57,139,172
Ga0401699_0089359_109_2805,136,85,3,0
Ga0401699_0089700_1_1893,427,194,892,1146
Ga0401699_0089700_2023_2964,338,289,1031,1136
Ga0401699_0089703_3_2666,60,102,11,8
Ga0401699_0089779_2144_2635,3,12,134,109
Ga0401699_0089779_561_860,13,16,228,218
Ga0401699_0089810_88_2769,9,31,2,0
Ga0401699_0089973_123_2588,65,36,0,0
Ga0401699_0089998_33_2657,26,6,0,0
Ga0401699_0090044_149_2950,53,24,0,0
Ga0401699_0090069_60_2960,122,68,10,12
Ga0401699_0090397_148_2022,4,6,0,0
Ga0401699_0090439_6_2807,51,7,0,0
Ga0401699_0090474_1457_2713,196,80,0,2
Ga0401699_0090736_16_2883,21,20,0,0
Ga0401699_0090957_33_2825,43,15,0,0
Ga0401699_0091124_40_2859,9,1,0,0
Ga0401699_0091261_75_2729,45,23,4,6
Ga0401699_0091275_5_514,142,133,0,0
Ga0401699_0091363_125_2707,57,33,12,7
Ga0401699_0091754_386_2773,7,4,0,0
Ga0401699_0091969_1_2805,19,13,1,1
Ga0401699_0092828_101_2908,38,16,3,0
Ga0401699_0093664_266_2725,41,45,9,2
Ga0401699_0093995_1_2907,17,8,0,0
Ga0401699_0094010_138_1859,86,21,3,0
Ga0401699_0094253_396_1568,158,93,0,0
Ga0401699_0094671_1_2898,54,40,1,0
Ga0401699_0094919_16_2841,0,0,0,1001
Ga0401699_0094940_32_385,16,15,0,0
Ga0401699_0095011_2414_2893,115,26,1,0
Ga0401699_0095238_79_2694,86,94,15,10
Ga0401699_0095349_3_2888,84,15,0,0
Ga0401699_0095565_2_1600,161,64,6,0
Ga0401699_0095865_242_2857,22,25,0,1
Ga0401699_0095895_1_2880,12,10,0,0
Ga0401699_0096039_31_2700,89,34,0,1
Ga0401699_0096094_46_2868,0,287,3,34
Ga0401699_0096216_209_2833,137,51,0,2
Ga0401699_0096553_1_2829,14,9,0,0
Ga0401699_0096634_3_2864,34,9,0,0
Ga0401699_0097194_78_2723,5,6,0,0
Ga0401699_0097284_81_2846,799,449,49,79
Ga0401699_0097487_119_2854,34,12,0,0
Ga0401699_0098102_1_2853,10,8,0,0
Ga0401699_0098773_1335_2549,86,97,1,0
Ga0401699_0098983_57_2807,27,9,0,0
Ga0401699_0099196_29_2770,3,12,0,0
Ga0401699_0099498_1244_2779,598,368,2,4
Ga0401699_0099635_2406_2771,12,13,1,1
Ga0401699_0099707_428_2248,13,8,0,1
Ga0401699_0099755_903_1091,23,16,0,0
Ga0401699_0099933_124_1344,225,216,102,100
Ga0401699_0100279_11_2743,39,15,0,0
Ga0401699_0100381_79_2823,53,25,0,0
Ga0401699_0100480_159_2810,18,8,0,0
Ga0401699_0100507_1_1206,9,20,18,4
Ga0401699_0100679_436_909,30,19,47,55
Ga0401699_0100937_93_2453,27,27,0,0
Ga0401699_0101317_47_2644,69,54,9,11
Ga0401699_0101320_291_2753,0,0,1,0
Ga0401699_0101621_3_2252,83,15,13,8
Ga0401699_0101688_33_2807,32,21,0,0
Ga0401699_0102296_31_2445,31,11,5,10
Ga0401699_0102648_2550_2747,88,118,211,110
Ga0401699_0102663_43_1572,122,127,53,22
Ga0401699_0102837_95_2716,29,15,0,0
Ga0401699_0103107_11_2698,29,4,0,0
Ga0401699_0103146_1102_2466,186,189,32,28
Ga0401699_0103357_1174_2664,537,247,10,15
Ga0401699_0103454_22_2772,52,18,4,1
Ga0401699_0103464_166_1032,83,22,0,0
Ga0401699_0103516_40_2694,260,121,1,2
Ga0401699_0103948_2484_2783,705,935,2366,2299
Ga0401699_0104731_87_2621,39,42,13,1
Ga0401699_0104759_301_2709,167,105,18,26
Ga0401699_0104879_259_2712,24,16,0,0
Ga0401699_0105146_2_2656,71,25,0,0
Ga0401699_0105225_350_2743,21,31,3,2
Ga0401699_0105375_3_2597,3,7,1,1
Ga0401699_0105425_69_2675,73,32,1,4
Ga0401699_0105727_3_2762,59,91,3,0
Ga0401699_0106097_1001_2749,629,183,0,0
Ga0401699_0106259_324_2258,170,76,0,0
Ga0401699_0106492_108_2486,187,186,47,23
Ga0401699_0107097_1215_2699,141,87,0,1
Ga0401699_0107527_184_2481,175,105,236,477
Ga0401699_0107643_166_2739,5,4,0,0
Ga0401699_0107780_143_2731,79,39,7,2
Ga0401699_0108197_560_2377,26,37,3,4
Ga0401699_0108231_398_2656,447,441,1332,985
Ga0401699_0108683_169_1710,166,91,18,22
Ga0401699_0108817_1404_2573,12,62,2,2
Ga0401699_0109884_68_2716,16,10,0,0
Ga0401699_0109899_34_2718,60,26,1,3
Ga0401699_0109953_53_2308,54,42,5,5
Ga0401699_0110161_51_2642,13,11,0,2
Ga0401699_0110163_817_2682,6,10,67,64
Ga0401699_0110529_73_2622,277,211,33,14
Ga0401699_0110711_24_2615,59,54,58,13
Ga0401699_0110778_140_2524,70,24,3,0
Ga0401699_0110803_43_2190,51,47,4,15
Ga0401699_0111225_763_2574,67,101,5,7
Ga0401699_0112162_20_2677,78,48,1,0
Ga0401699_0112796_296_2626,32,23,1,0
Ga0401699_0112946_77_2599,65,27,0,0
Ga0401699_0114247_132_2672,40,26,0,0
Ga0401699_0114997_13_2664,10,11,0,0
Ga0401699_0115067_211_2490,55,28,4,2
Ga0401699_0115389_81_2660,11,5,0,0
Ga0401699_0115442_15_2660,18,26,3,0
Ga0401699_0115637_70_2538,9,19,68,101
Ga0401699_0117153_16_2502,96,48,7,5
Ga0401699_0117416_67_2391,28,8,0,0
Ga0401699_0118158_193_1131,36,28,10,11
Ga0401699_0118513_39_2420,1,5,86,196
Ga0401699_0118698_27_2522,24,19,7,9
Ga0401699_0118736_224_2395,10,13,3,0
Ga0401699_0119059_367_2565,20,15,0,0
Ga0401699_0119342_82_1638,40,24,76,108
Ga0401699_0119477_56_2416,46,35,3,1
Ga0401699_0119579_422_2620,14,10,4,1
Ga0401699_0119788_700_2124,124,72,35,29
Ga0401699_0120448_899_2422,29,23,9,2
Ga0401699_0120607_172_2541,10,7,0,0
Ga0401699_0121410_521_2533,54,80,11,8
Ga0401699_0121445_41_2602,9,4,0,0
Ga0401699_0121703_7_2601,57,43,10,8
Ga0401699_0122130_2077_2598,335,360,38,67
Ga0401699_0122360_1371_2210,280,113,79,56
Ga0401699_0122740_68_2440,11,9,0,0
Ga0401699_0123629_1413_2225,57,42,4,6
Ga0401699_0123629_592_1347,35,39,10,5
Ga0401699_0123683_347_2482,14,9,0,0
Ga0401699_0123790_2_2446,6,2,0,0
Ga0401699_0124784_7_1404,407,575,1358,1085
Ga0401699_0124974_116_2410,43,21,2,1
Ga0401699_0126128_52_2559,113,144,47,42
Ga0401699_0126223_185_2560,6,8,0,0
Ga0401699_0126426_38_2557,47,132,2,0
Ga0401699_0126471_3_1841,0,0,0,0
Ga0401699_0126672_132_401,189,159,3,2
Ga0401699_0126672_2152_2475,243,130,0,2
Ga0401699_0126841_94_870,24,24,3,12
Ga0401699_0127167_39_2552,11,2,0,0
Ga0401699_0127611_486_2513,77,36,4,0
Ga0401699_0127635_20_2548,0,0,0,0
Ga0401699_0127674_2_1585,509,438,9,7
Ga0401699_0128681_33_2537,19,22,8,9
Ga0401699_0128690_53_2482,27,18,0,0
Ga0401699_0128698_3_344,42,46,2,3
Ga0401699_0128798_2_2536,23,17,11,1
Ga0401699_0129009_77_2500,3,3,0,0
Ga0401699_0129253_120_2501,12,22,0,2
Ga0401699_0130514_149_2455,66,57,0,0
Ga0401699_0130904_1807_2391,34,33,0,0
Ga0401699_0130929_2_2350,8,7,0,0
Ga0401699_0131266_4_1758,49,65,566,657
Ga0401699_0131900_503_2479,24,8,0,0
Ga0401699_0132362_16_2508,31,11,0,0
Ga0401699_0132654_87_2504,34,26,0,3
Ga0401699_0132668_1612_1845,8,1,65,48
Ga0401699_0132668_1846_2211,25,13,129,159
Ga0401699_0132668_457_900,10,29,148,163
Ga0401699_0132668_885_1601,27,8,267,225
Ga0401699_0132801_3_2504,49,32,4,3
Ga0401699_0132983_145_2391,30,25,67,86
Ga0401699_0133379_273_2468,7,18,4,0
Ga0401699_0133449_129_2498,34,20,2,0
Ga0401699_0133523_1_2496,51,69,13,12
Ga0401699_0133598_190_1866,36,31,2,1
Ga0401699_0133943_116_2188,24,45,161,205
Ga0401699_0134121_288_2459,29,37,2,5
Ga0401699_0134809_391_2397,28,26,2,1
Ga0401699_0135032_1297_2076,76,38,9,4
Ga0401699_0135139_196_2334,3,5,3,0
Ga0401699_0136133_195_2258,8,8,1,3
Ga0401699_0136881_1649_2407,158,208,330,287
Ga0401699_0136881_48_1559,265,376,525,557
Ga0401699_0137184_331_2433,65,38,0,0
Ga0401699_0137235_193_2265,11,21,0,1
Ga0401699_0137362_46_2226,73,61,7,12
Ga0401699_0137373_40_2466,425,401,363,303
Ga0401699_0137512_417_2303,66,16,6,3
Ga0401699_0138037_208_2241,1545,744,75,39
Ga0401699_0138285_177_2318,8,15,0,3
Ga0401699_0138446_669_2324,28,23,1,3
Ga0401699_0138641_1565_2056,42,70,452,338
Ga0401699_0138641_2117_2419,35,45,170,154
Ga0401699_0138738_1628_1990,5,5,72,67
Ga0401699_0138738_28_339,7,21,81,69
Ga0401699_0138738_308_874,50,16,228,231
Ga0401699_0138999_88_2244,35,28,6,0
Ga0401699_0140105_134_2374,29,11,0,0
Ga0401699_0140579_70_1842,38,22,0,1
Ga0401699_0140980_44_2302,20,4,1,0
Ga0401699_0141600_34_2436,75,32,4,2
Ga0401699_0142472_297_2237,1637,937,73,71
Ga0401699_0143001_56_2152,480,247,0,0
Ga0401699_0143792_83_2119,82,64,17,13
Ga0401699_0143915_211_2358,118,95,4,0
Ga0401699_0144189_13_2223,12,5,0,0
Ga0401699_0144268_7_2310,28,15,0,0
Ga0401699_0144681_179_2350,79,82,26,18
Ga0401699_0145018_404_805,342,179,1143,1583
Ga0401699_0145190_1_2343,14,20,0,0
Ga0401699_0145584_489_2366,0,1,4,0
Ga0401699_0146518_3_2201,4,4,0,0
Ga0401699_0147295_109_2394,37,30,10,5
Ga0401699_0147423_1_2391,117,128,34,9
Ga0401699_0147662_373_1755,40,19,68,29
Ga0401699_0148032_454_2172,200,190,339,320
Ga0401699_0148275_46_2382,132,62,2,1
Ga0401699_0148377_44_2242,4,4,222,286
Ga0401699_0148673_32_2197,40,25,1,0
Ga0401699_0148775_70_1971,50,51,194,285
Ga0401699_0148892_18_2189,8,9,0,2
Ga0401699_0148975_2_2284,12,4,0,0
Ga0401699_0149069_352_2364,19,5,0,0
Ga0401699_0149304_582_836,41,55,318,112
Ga0401699_0149449_369_2210,12,3,80,133
Ga0401699_0149773_21_2375,34,23,2,1
Ga0401699_0149835_246_2240,289,190,29,29
Ga0401699_0150089_19_2106,6,22,0,0
Ga0401699_0150532_1876_2133,73,52,3,3
Ga0401699_0150532_3_1838,31,30,2,0
Ga0401699_0150689_195_2264,21,32,6,8
Ga0401699_0153179_1576_2130,19,40,21,12
Ga0401699_0153931_176_2092,10,7,13,17
Ga0401699_0153959_9_1043,644,913,14,13
Ga0401699_0154597_36_2069,35,33,1,3
Ga0401699_0155196_397_675,19,11,10,2
Ga0401699_0155409_362_2269,27,23,15,15
Ga0401699_0157800_40_2244,35,41,2,0
Ga0401699_0158524_54_1202,85,61,16,8
Ga0401699_0158958_111_2276,3010,622,27,18
Ga0401699_0160063_113_2098,66,44,4,2
Ga0401699_0160068_32_1840,38,26,1,6
Ga0401699_0160132_64_2025,15,14,0,0
Ga0401699_0160422_1415_2308,11,11,60,40
Ga0401699_0161024_1352_1897,46,34,170,165
Ga0401699_0161024_2030_2305,46,63,272,224
Ga0401699_0161523_48_2162,6,11,0,0
Ga0401699_0161525_351_929,8,11,0,0
Ga0401699_0161525_983_2146,33,39,0,1
Ga0401699_0161693_289_2250,10,5,1,1
Ga0401699_0161718_74_1282,245,260,10,17
Ga0401699_0162138_152_2269,14,15,0,0
Ga0401699_0162456_137_2107,1,4,0,0
Ga0401699_0164096_1_2286,33,11,5,7
Ga0401699_0164814_506_2251,6,18,1,0
Ga0401699_0165170_236_2233,107,43,3,7
Ga0401699_0165453_106_1344,55,30,6,1
Ga0401699_0167321_363_1427,16,28,149,139
Ga0401699_0167561_1276_1470,142,381,245,216
Ga0401699_0167656_106_2265,36,20,0,0
Ga0401699_0167890_2_2179,77,33,1,0
Ga0401699_0168784_71_835,26,35,194,159
Ga0401699_0169769_105_2252,402,194,2,6
Ga0401699_0170250_436_2142,9,10,2,0
Ga0401699_0170856_39_2192,20,22,0,0
Ga0401699_0171089_309_2171,9,42,0,0
Ga0401699_0171345_2_2128,11,11,1,0
Ga0401699_0171802_42_2198,197,69,7,3
Ga0401699_0172211_7_2241,47,11,1,4
Ga0401699_0172222_1_2133,27,18,0,0
Ga0401699_0173952_355_825,46,18,123,140
Ga0401699_0173952_889_1431,65,51,208,220
Ga0401699_0174161_26_2164,88,46,1,4
Ga0401699_0174259_454_2229,8,64,0,0
Ga0401699_0174494_3_2045,43,29,0,0
Ga0401699_0174632_1_429,39,34,0,0
Ga0401699_0175057_73_2151,22,30,117,93
Ga0401699_0175230_1_2088,8,3,118,71
Ga0401699_0175463_201_2222,15,7,14,4
Ga0401699_0176017_105_2102,171,195,13,3
Ga0401699_0176257_149_2218,304,118,0,5
Ga0401699_0176949_67_294,55,62,196,191
Ga0401699_0177617_124_2022,26,3,0,0
Ga0401699_0178283_55_2208,23,4,0,0
Ga0401699_0179123_1126_1542,16,15,212,146
Ga0401699_0179123_618_872,7,6,101,73
Ga0401699_0179489_525_2177,7,5,0,0
Ga0401699_0180241_23_976,8,2,105,39
Ga0401699_0180304_840_1274,26,22,80,68
Ga0401699_0180316_2_2191,128,34,0,0
Ga0401699_0180536_3_2021,32,19,0,3
Ga0401699_0181482_297_2126,744,347,7,5
Ga0401699_0181941_3_1943,38,32,51,77
Ga0401699_0183112_569_745,41,45,16,7
Ga0401699_0183969_3_2180,45,93,3,0
Ga0401699_0184110_1342_1833,60,60,209,79
Ga0401699_0184160_2_2092,6,6,0,0
Ga0401699_0184167_51_1841,63,52,8,1
Ga0401699_0184940_77_2113,116,64,34,17
Ga0401699_0185637_99_2114,163,92,2,1
Ga0401699_0185900_735_2063,217,179,33,19
Ga0401699_0186778_1519_1866,8,12,97,101
Ga0401699_0186778_393_1016,26,30,216,200
Ga0401699_0187017_35_2164,19,11,0,0
Ga0401699_0188052_1141_1716,17,37,70,144
Ga0401699_0188933_213_2156,25,32,3,0
Ga0401699_0189476_373_2097,31,14,0,0
Ga0401699_0190006_1517_2014,2291,1531,515,640
Ga0401699_0190098_22_2148,69,40,3,0
Ga0401699_0190198_1054_2073,25,19,5,4
Ga0401699_0190733_8_1999,57,23,1,5
Ga0401699_0190806_24_2015,13,3,0,0
Ga0401699_0192108_78_1898,37,37,0,1
Ga0401699_0192303_52_1710,9,12,0,0
Ga0401699_0192453_3_2096,75,28,0,0
Ga0401699_0192701_655_1347,26,7,0,0
Ga0401699_0192727_17_2137,86,34,1,1
Ga0401699_0193208_1_945,65,30,11,13
Ga0401699_0193243_58_2073,51,34,0,0
Ga0401699_0193362_168_2135,0,0,0,0
Ga0401699_0193832_2_1534,41,6,0,0
Ga0401699_0195520_1_2010,237,245,27,8
Ga0401699_0196643_1148_1990,68,51,6,3
Ga0401699_0196899_258_1811,13,8,0,2
Ga0401699_0197148_106_2094,68,52,13,9
Ga0401699_0198124_997_2088,7,12,0,0
Ga0401699_0198612_991_2109,20,8,1,0
Ga0401699_0200435_588_1271,8,3,73,72
Ga0401699_0200808_37_2040,3,8,0,0
Ga0401699_0200875_124_2100,18,12,3,1
Ga0401699_0200920_71_1921,15,11,1,1
Ga0401699_0201847_308_1999,180,55,3,0
Ga0401699_0201900_1302_1724,974,600,522,259
Ga0401699_0201969_71_2095,18,15,0,0
Ga0401699_0202150_1446_1799,1,6,1,1
Ga0401699_0202458_465_902,11,34,82,36
Ga0401699_0202844_24_2027,78,52,1,1
Ga0401699_0203017_1_2001,125,65,13,12
Ga0401699_0203228_2_2089,158,143,22,43
Ga0401699_0204261_1_2073,23,25,101,212
Ga0401699_0204623_70_2061,14,9,0,0
Ga0401699_0204942_206_1468,6,50,80,693
Ga0401699_0205981_1608_1910,12,33,182,152
Ga0401699_0205981_700_1182,17,43,89,83
Ga0401699_0206216_3_2072,34,33,5,4
Ga0401699_0208328_18_1991,25,10,0,0
Ga0401699_0208858_2_2050,29,30,9,6
Ga0401699_0208945_1_2001,7,13,0,0
Ga0401699_0209858_51_1688,26,18,2,0
Ga0401699_0209868_29_2059,29,13,0,0
Ga0401699_0212568_117_1271,50,33,15,10
Ga0401699_0213244_1_2046,47,26,0,0
Ga0401699_0213786_788_994,1136,764,3409,3781
Ga0401699_0213999_51_1736,0,0,0,0
Ga0401699_0215806_215_1696,116,65,4,4
Ga0401699_0216831_3_1853,547,470,419,377
Ga0401699_0217676_382_1938,5,10,0,0
Ga0401699_0217883_1_1962,244,113,21,32
Ga0401699_0218186_14_1855,104,87,3,5
Ga0401699_0218348_374_1891,46,33,73,85
Ga0401699_0218494_1683_2024,91,52,6,3
Ga0401699_0219492_1103_1930,14,9,139,149
Ga0401699_0219492_786_1064,7,5,85,64
Ga0401699_0219749_32_1690,16,15,0,0
Ga0401699_0220390_389_1783,92,39,0,3
Ga0401699_0221009_3_2006,25,8,0,0
Ga0401699_0221309_88_1785,2,6,0,0
Ga0401699_0222273_54_473,546,488,696,788
Ga0401699_0223086_222_878,56,29,0,0
Ga0401699_0223234_222_1988,319,161,6,3
Ga0401699_0223463_3_1781,74,26,3,3
Ga0401699_0225165_511_1806,4,4,0,0
Ga0401699_0225864_361_1839,114,154,3,10
Ga0401699_0226677_22_1728,18,14,8,4
Ga0401699_0227106_188_1963,38,16,0,1
Ga0401699_0227733_861_1973,112,78,169,168
Ga0401699_0228013_985_1692,220,182,146,93
Ga0401699_0228244_32_1135,585,530,34,20
Ga0401699_0229012_1437_1562,173,261,59,44
Ga0401699_0229012_52_453,40,31,19,11
Ga0401699_0229012_672_968,400,613,106,47
Ga0401699_0230119_166_1221,508,522,445,269
Ga0401699_0230826_220_1878,3,4,0,0
Ga0401699_0230942_394_1974,9,11,1498,163
Ga0401699_0231055_325_1941,33,23,4,3
Ga0401699_0231316_439_1974,5,9,103,156
Ga0401699_0231424_33_1973,211,211,27,15
Ga0401699_0231486_125_1972,194,39,1,2
Ga0401699_0233575_6_803,668,460,11,15
Ga0401699_0233643_55_1863,1,1,0,0
Ga0401699_0234552_1_1596,80,134,262,194
Ga0401699_0234552_1778_1909,64,80,183,177
Ga0401699_0234604_858_1961,161,152,161,122
Ga0401699_0234731_1144_1935,34,13,1,1
Ga0401699_0234822_13_1389,483,514,110,60
Ga0401699_0235171_801_1493,17,13,78,60
Ga0401699_0235512_38_1957,25,7,0,0
Ga0401699_0235750_2_1957,367,135,20,25
Ga0401699_0236521_1399_1956,378,509,1248,1228
Ga0401699_0236732_58_1455,191,136,36,43
Ga0401699_0237825_100_1542,26,8,0,0
Ga0401699_0238176_3_1913,46,22,2,2
Ga0401699_0239177_1_1944,8,11,23,19
Ga0401699_0239416_170_1918,17,17,0,1
Ga0401699_0240132_1_894,143,64,47,34
Ga0401699_0240871_19_228,97,62,287,198
Ga0401699_0240881_5_1255,449,493,27,27
Ga0401699_0241266_1_1368,33,62,134,145
Ga0401699_0242130_53_1933,72,7,0,0
Ga0401699_0242681_459_1346,84,42,35,15
Ga0401699_0242820_215_334,25,11,74,57
Ga0401699_0242820_399_1814,19,15,80,96
Ga0401699_0243047_2_1696,29,25,0,0
Ga0401699_0243386_121_1605,34,48,753,535
Ga0401699_0243876_53_1927,74,14,0,0
Ga0401699_0244122_145_1536,42,33,8,1
Ga0401699_0244755_1_1926,223,107,7,1
Ga0401699_0245865_132_1583,29,14,2,3
Ga0401699_0245990_396_1430,290,209,35,32
Ga0401699_0246766_3_1916,37,19,4,0
Ga0401699_0248687_68_1372,90,55,0,2
Ga0401699_0251227_61_1869,125,77,3,3
Ga0401699_0253352_3_1850,132,40,1,0
Ga0401699_0253392_56_1801,356,227,46,19
Ga0401699_0255821_75_1583,34,25,1,0
Ga0401699_0256068_144_1844,4,5,1,0
Ga0401699_0256713_85_1872,10,8,0,0
Ga0401699_0257129_284_775,33,40,202,100
Ga0401699_0257129_979_1407,36,26,113,66
Ga0401699_0258192_195_1769,11,3,0,0
Ga0401699_0258489_249_1298,35,5,1,3
Ga0401699_0258908_125_1810,14,6,180,211
Ga0401699_0259492_137_1315,38,29,9,6
Ga0401699_0259826_77_1756,16,9,0,0
Ga0401699_0260260_32_751,53,31,1,0
Ga0401699_0260734_39_1523,40,39,4,4
Ga0401699_0260824_143_1705,5,5,0,0
Ga0401699_0261130_196_1854,0,3,0,0
Ga0401699_0262347_236_1657,192,221,1043,667
Ga0401699_0263203_2_1825,37,30,4,3
Ga0401699_0263450_1_1329,409,227,20,17
Ga0401699_0263479_94_1746,25,10,0,0
Ga0401699_0263995_43_1218,84,28,0,0
Ga0401699_0264609_489_1859,19,22,250,308
Ga0401699_0265148_6_1856,107,31,0,0
Ga0401699_0266362_76_1608,5,4,0,0
Ga0401699_0268268_54_1691,5,11,1,3
Ga0401699_0269594_2_1540,27,26,202,230
Ga0401699_0270380_589_1698,46,38,4,3
Ga0401699_0272042_111_1397,2519,1424,134,147
Ga0401699_0273092_1421_1669,58,111,100,117
Ga0401699_0273716_74_1675,1,2,70,70
Ga0401699_0274440_256_1770,280,423,652,629
Ga0401699_0275299_24_536,24,17,55,54
Ga0401699_0276598_107_1822,3,5,0,0
Ga0401699_0276648_222_1517,19,4,0,0
Ga0401699_0277406_268_1698,27,28,3,0
Ga0401699_0279381_3_1814,67,29,1,3
Ga0401699_0280366_263_1768,12,14,1,3
Ga0401699_0280866_3_1598,39,46,9,3
Ga0401699_0281168_1298_1780,1479,1023,36,27
Ga0401699_0282293_3_1025,38,11,0,0
Ga0401699_0283255_3_1802,181,61,1,4
Ga0401699_0283490_568_1764,46,26,0,0
Ga0401699_0283599_4_1800,0,0,0,0
Ga0401699_0283708_127_1080,183,246,205,80
Ga0401699_0283708_1284_1505,33,66,34,12
Ga0401699_0285104_46_1482,33,29,4,1
Ga0401699_0285655_289_1758,27,22,107,125
Ga0401699_0285699_151_1758,18,18,1,0
Ga0401699_0286101_1_741,626,568,2066,2222
Ga0401699_0286645_318_1793,41,55,52,39
Ga0401699_0287456_53_1732,8,6,0,0
Ga0401699_0287507_52_1617,11,3,61,132
Ga0401699_0287748_3_1790,557,702,2466,2277
Ga0401699_0290230_71_1690,4,12,0,0
Ga0401699_0290682_196_1764,18,8,100,97
Ga0401699_0290797_484_1779,41,11,0,0
Ga0401699_0291785_134_1702,38,45,7,4
Ga0401699_0292736_98_1774,50,44,5,0
Ga0401699_0293038_175_714,221,170,623,282
Ga0401699_0293324_1009_1725,27,23,4,1
Ga0401699_0293674_38_1771,95,66,23,9
Ga0401699_0294855_56_1468,17,8,2,1
Ga0401699_0296222_126_1766,24,3,0,0
Ga0401699_0297354_1_1677,52,41,8,9
Ga0401699_0297671_275_1627,59,39,89,113
Ga0401699_0298281_428_1759,391,251,0,10
Ga0401699_0298355_15_1583,17,40,6,7
Ga0401699_0298552_116_1723,53,31,1,0
Ga0401699_0299931_575_994,0,0,0,0
Ga0401699_0299936_1_1701,80,29,24,21
Ga0401699_0300296_1_1731,34,19,0,0
Ga0401699_0300412_264_1709,11,15,2,0
Ga0401699_0301030_174_1151,28,24,20,17
Ga0401699_0301795_1348_1752,619,784,1143,1059
Ga0401699_0302761_10_1701,31,32,6,1
Ga0401699_0303524_49_1476,15,9,2,0
Ga0401699_0303611_237_1718,4,9,3,0
Ga0401699_0303838_625_1689,24,9,3,0
Ga0401699_0304294_17_1543,104,34,6,2
Ga0401699_0304362_26_1522,13,22,0,0
Ga0401699_0304781_22_1566,22,22,0,0
Ga0401699_0305324_293_1378,28,22,0,2
Ga0401699_0305427_1112_1678,13,7,0,2
Ga0401699_0306123_57_1469,90,123,1,2
Ga0401699_0306167_28_1548,147,57,8,3
Ga0401699_0306355_3_1739,157,58,3,1
Ga0401699_0309056_2_1570,71,101,177,158
Ga0401699_0310500_263_1453,59,11,10,3
Ga0401699_0312377_1_1725,20,6,0,0
Ga0401699_0313036_120_1667,4,0,0,0
Ga0401699_0314345_18_1466,21,17,7,1
Ga0401699_0314834_875_1717,0,0,1,0
Ga0401699_0314926_369_1700,11,9,0,0
Ga0401699_0318210_252_1655,134,58,6,2
Ga0401699_0318457_102_1469,172,143,431,543
Ga0401699_0318706_273_1430,5,6,14,2
Ga0401699_0319301_33_1163,37,12,0,0
Ga0401699_0320079_99_1454,15,25,3,2
Ga0401699_0322688_3_1460,181,10,1,0
Ga0401699_0323212_113_1696,109,78,14,8
Ga0401699_0323417_514_1698,204,231,3,9
Ga0401699_0324884_103_1650,28,16,5,3
Ga0401699_0325412_204_1598,17,7,0,1
Ga0401699_0325857_171_1610,8,26,1,7
Ga0401699_0325871_1_1692,62,25,0,0
Ga0401699_0326527_14_1651,169,98,31,29
Ga0401699_0327554_30_1688,40,14,0,0
Ga0401699_0328333_3_1646,240,120,15,5
Ga0401699_0328656_533_1588,18,55,4,2
Ga0401699_0329074_73_1446,27,34,0,4
Ga0401699_0329601_341_1594,12,12,4,1
Ga0401699_0331218_1202_1678,43,35,2,2
Ga0401699_0331218_35_1093,1150,1178,58,46
Ga0401699_0332534_261_572,50,16,156,218
Ga0401699_0333301_37_1674,60,12,0,0
Ga0401699_0335336_437_1660,212,176,10,10
Ga0401699_0336412_178_1536,2,11,0,0
Ga0401699_0336756_13_1665,8,11,0,0
Ga0401699_0338158_1138_1662,121,121,23,31
Ga0401699_0338992_313_1434,189,192,20,18
Ga0401699_0340670_85_1656,76,102,939,956
Ga0401699_0342499_217_1107,60,22,6,0
Ga0401699_0343075_216_833,25,15,84,108
Ga0401699_0343383_3_1649,1038,580,40,29
Ga0401699_0344410_1_621,397,222,2,4
Ga0401699_0344550_547_1605,19,20,1,2
Ga0401699_0344842_132_1262,55,60,7,6
Ga0401699_0346514_1_1410,3,3,0,0
Ga0401699_0346621_1_1455,201,188,38,40
Ga0401699_0346820_1_1554,367,188,5,6
Ga0401699_0346821_47_1642,19,7,0,0
Ga0401699_0347246_412_1641,540,397,20,29
Ga0401699_0349180_24_1493,20,22,0,0
Ga0401699_0349289_209_1588,0,0,0,0
Ga0401699_0351101_333_1397,30,28,130,132
Ga0401699_0351820_938_1183,21,32,175,93
Ga0401699_0351991_24_1418,11,14,2,0
Ga0401699_0352695_440_1111,266,133,0,3
Ga0401699_0352730_26_1594,68,60,5,10
Ga0401699_0353473_4_792,266,261,1951,2285
Ga0401699_0353694_244_1617,62,32,0,2
Ga0401699_0354279_188_1600,21,9,0,5
Ga0401699_0354332_190_1569,0,0,0,0
Ga0401699_0354449_98_1582,233,174,13,10
Ga0401699_0355171_27_1583,138,70,0,0
Ga0401699_0356456_52_1542,235,186,37,30
Ga0401699_0361149_555_1277,28,27,116,159
Ga0401699_0361927_103_1425,48,31,1,1
Ga0401699_0362766_834_1610,59,51,0,0
Ga0401699_0362966_179_1606,147,100,1,2
Ga0401699_0364330_56_1606,165,42,2,0
Ga0401699_0365772_3_1598,11,8,0,1
Ga0401699_0367353_891_1553,31,27,0,0
Ga0401699_0367662_114_1517,30,17,2,2
Ga0401699_0368438_188_1594,63,88,215,251
Ga0401699_0369608_5_1594,268,245,4,2
Ga0401699_0372551_94_1440,991,524,56,38
Ga0401699_0374168_272_1552,15,6,71,101
Ga0401699_0375189_1_1494,12,9,1,0
Ga0401699_0375190_1_1494,30,10,0,0
Ga0401699_0376137_98_1156,11560,12089,131,131
Ga0401699_0376544_2_1168,959,687,77,39
Ga0401699_0376584_165_1526,0,0,3,0
Ga0401699_0377774_2_1579,43,58,171,132
Ga0401699_0378259_49_1578,129,44,0,0
Ga0401699_0378981_57_1433,20,9,0,0
Ga0401699_0380456_324_1379,99,86,27,26
Ga0401699_0380560_57_1493,36,23,1,5
Ga0401699_0380694_2_1573,19,3,0,0
Ga0401699_0380806_201_1397,127,120,25,8
Ga0401699_0381570_103_1491,28,10,0,0
Ga0401699_0383438_55_1389,19,8,0,0
Ga0401699_0384111_143_1546,103,70,19,12
Ga0401699_0384233_17_1567,20,12,0,0
Ga0401699_0385780_40_1386,121,95,2,0
Ga0401699_0386615_106_1485,21,17,0,0
Ga0401699_0387868_299_1555,82,97,1405,1326
Ga0401699_0390155_145_1506,13,12,0,0
Ga0401699_0391078_70_1554,50,27,3,2
Ga0401699_0392074_2_1552,50,32,9,12
Ga0401699_0393041_348_1499,8,15,0,0
Ga0401699_0393807_4_1272,57,45,0,0
Ga0401699_0397003_3_1433,65,66,9,6
Ga0401699_0399039_96_1445,10,16,2,1
Ga0401699_0400292_184_1368,44,29,0,0
Ga0401699_0400723_85_1425,4,5,176,136
Ga0401699_0400933_935_1348,25,21,3,4
Ga0401699_0404038_41_1375,31,16,0,0
Ga0401699_0404692_129_1496,29,15,0,5
Ga0401699_0406323_40_1413,333,227,10,8
Ga0401699_0406738_3_1457,38,50,4,2
Ga0401699_0406744_59_1363,32,28,3,3
Ga0401699_0410583_38_1399,58,31,0,0
Ga0401699_0410844_2_1462,286,162,0,4
Ga0401699_0412139_2_202,13,32,2,0
Ga0401699_0413613_253_1509,29,21,98,86
Ga0401699_0413724_298_1428,0,0,0,0
Ga0401699_0416335_3_398,34,6,211,105
Ga0401699_0416866_15_1091,758,694,2207,2123
Ga0401699_0418835_134_1456,58,42,1,0
Ga0401699_0418939_130_1419,45,27,8,4
Ga0401699_0419192_29_1390,1,1,1,4
Ga0401699_0421329_301_1458,50,26,49,69
Ga0401699_0422073_126_1439,10,6,2,0
Ga0401699_0422976_3_1379,15,5,0,0
Ga0401699_0423710_3_1343,167,148,23,18
Ga0401699_0425014_343_1083,8,12,0,0
Ga0401699_0426009_997_1452,40,37,111,103
Ga0401699_0429669_2_1486,43,14,5,0
Ga0401699_0430756_96_1475,26,37,0,3
Ga0401699_0432462_182_1447,55,46,1,3
Ga0401699_0432768_32_1483,7,12,0,0
Ga0401699_0433323_350_1411,73,33,1,1
Ga0401699_0433596_97_1440,5,10,0,0
Ga0401699_0435222_1180_1344,249,289,12,4
Ga0401699_0435389_448_1476,0,20,59,404
Ga0401699_0435942_48_1010,23,14,0,0
Ga0401699_0438070_56_1423,256,109,5,4
Ga0401699_0440156_1_1227,29,49,152,145
Ga0401699_0442148_299_1465,142,98,9,8
Ga0401699_0443311_1_1464,56,28,3,2
Ga0401699_0445245_110_1387,17,31,4,2
Ga0401699_0446512_1_1224,315,226,38,33
Ga0401699_0447277_378_1436,63,47,6,2
Ga0401699_0448153_207_1388,149,86,10,13
Ga0401699_0448959_236_1348,18,12,0,0
Ga0401699_0449724_41_1291,26,29,8,1
Ga0401699_0450296_31_1179,148,137,3,3
Ga0401699_0452389_77_1444,80,75,35,51
Ga0401699_0452798_8_1396,23,21,286,357
Ga0401699_0453890_3_1235,499,447,1,1
Ga0401699_0453955_65_1378,5,7,0,0
Ga0401699_0454141_179_1312,148,57,7,4
Ga0401699_0455717_292_1446,41,31,0,2
Ga0401699_0455747_3_1361,202,173,19,16
Ga0401699_0459576_144_1166,135,113,2,10
Ga0401699_0459974_3_1406,127,48,65,49
Ga0401699_0460092_235_1365,0,0,3,2
Ga0401699_0465123_214_1155,20,25,5,7
Ga0401699_0465773_3_1430,54,22,0,1
Ga0401699_0465868_474_680,52,105,195,188
Ga0401699_0466150_1044_1430,253,234,7,5
Ga0401699_0467104_1047_1430,371,265,25,23
Ga0401699_0467633_24_821,97,29,1,1
Ga0401699_0468812_31_1182,19,11,0,0
Ga0401699_0470591_32_1423,39,32,3,3
Ga0401699_0470936_1_1419,51,20,0,0
Ga0401699_0472774_37_1221,329,158,2,9
Ga0401699_0473585_28_273,41,58,19,25
Ga0401699_0475088_66_1412,21,10,0,5
Ga0401699_0475544_60_1343,533,258,13,10
Ga0401699_0476920_1150_1377,34,37,8,4
Ga0401699_0478542_1_1413,155,96,0,1
Ga0401699_0478643_2_1411,57,17,203,230
Ga0401699_0479403_105_1238,85,128,143,163
Ga0401699_0481270_83_913,11,6,143,106
Ga0401699_0481998_199_1242,139,137,0,0
Ga0401699_0483453_145_531,58,49,213,119
Ga0401699_0484972_1_1290,184,330,460,365
Ga0401699_0484981_232_1404,363,290,114,89
Ga0401699_0487089_77_1306,31,23,5,1
Ga0401699_0487937_34_1203,29,58,115,132
Ga0401699_0488242_77_1183,35,23,1,3
Ga0401699_0489156_8_1240,61,21,0,0
Ga0401699_0489614_773_1321,8,6,77,43
Ga0401699_0489788_638_1393,10,11,0,2
Ga0401699_0490596_1_795,24,21,183,217
Ga0401699_0493197_3_1391,141,78,4,2
Ga0401699_0495102_131_1390,42,30,0,0
Ga0401699_0495366_1_1389,136,38,4,4
Ga0401699_0495663_114_1379,13,9,2,1
Ga0401699_0496027_282_1334,55,64,0,6
Ga0401699_0497296_91_1386,29,14,0,0
Ga0401699_0498814_237_1367,332,267,446,563
Ga0401699_0500311_1124_1381,587,337,30,33
Ga0401699_0501139_2_676,1749,1489,55,50
Ga0401699_0501440_26_1357,105,81,2,3
Ga0401699_0501820_53_1108,28,11,1,1
Ga0401699_0504254_11_1375,30,16,0,0
Ga0401699_0505813_319_516,103,143,9,10
Ga0401699_0506770_1_1374,29,22,0,0
Ga0401699_0507035_20_439,5,15,137,95
Ga0401699_0507248_838_1371,65,35,11,2
Ga0401699_0508358_309_1370,2,1,5,0
Ga0401699_0508625_28_1161,28,7,0,0
Ga0401699_0509235_27_1238,34,28,9,4
Ga0401699_0509956_583_1368,441,265,4,4
Ga0401699_0512985_2_1366,77,33,0,0
Ga0401699_0513982_1_1209,65,52,0,0
Ga0401699_0517022_2_1213,121,73,16,9
Ga0401699_0517293_3_1199,45,12,0,0
Ga0401699_0518214_60_1283,33,20,0,0
Ga0401699_0519422_3_1118,42,32,5,1
Ga0401699_0519949_120_1355,29,14,0,0
Ga0401699_0520702_90_1319,18,18,148,170
Ga0401699_0521642_65_1198,67,49,115,156
Ga0401699_0524056_6_698,39,13,6,9
Ga0401699_0524601_1_1332,43,11,0,0
Ga0401699_0525139_2_1234,36,32,11,5
Ga0401699_0525701_234_488,49,27,121,168
Ga0401699_0525905_1_1305,110,72,15,5
Ga0401699_0526107_3_1304,295,226,8,12
Ga0401699_0527550_2_1345,41,16,6,14
Ga0401699_0528575_41_1336,25,24,0,0
Ga0401699_0530643_26_1321,137,137,4,9
Ga0401699_0530720_192_1250,102,76,14,13
Ga0401699_0531639_66_1316,12,18,22,6
Ga0401699_0532145_508_1281,319,308,19,15
Ga0401699_0535093_12_920,58,37,5,9
Ga0401699_0535906_49_1293,522,523,156,138
Ga0401699_0538755_52_1305,24,13,5,5
Ga0401699_0538815_1035_1187,61,154,2,3
Ga0401699_0539252_2_1312,75,25,1,8
Ga0401699_0540669_3_1082,198,165,508,664
Ga0401699_0541423_3_1331,201,74,4,2
Ga0401699_0541748_3_1262,23,5,5,1
Ga0401699_0542663_234_1292,60,30,0,0
Ga0401699_0546060_21_1265,81,37,14,13
Ga0401699_0547401_3_1169,25,25,0,0
Ga0401699_0547702_437_928,41,24,146,127
Ga0401699_0548394_49_1320,10,11,0,0
Ga0401699_0549208_27_1313,39,37,0,0
Ga0401699_0549900_20_1276,5,7,80,108
Ga0401699_0551810_105_1268,17,17,0,0
Ga0401699_0553205_3_1193,31,14,0,0
Ga0401699_0555485_3_1292,55,51,3,9
Ga0401699_0556138_217_1242,31,30,0,0
Ga0401699_0557897_34_1092,35,17,0,1
Ga0401699_0558684_317_1240,40,59,13,8
Ga0401699_0559549_72_1304,317,245,9,3
Ga0401699_0560973_1_396,350,484,10,13
Ga0401699_0564067_358_1002,14,23,224,161
Ga0401699_0564565_10_1206,77,44,10,5
Ga0401699_0568775_258_1193,37,52,77,114
Ga0401699_0568898_14_250,836,844,11,15
Ga0401699_0571881_25_1293,45,28,5,6
Ga0401699_0572366_526_1293,118,48,11,9
Ga0401699_0572977_23_1156,115,46,10,14
Ga0401699_0574759_687_1292,10,30,80,92
Ga0401699_0575331_1_1290,13,18,1,1
Ga0401699_0575637_179_1291,20,13,0,0
Ga0401699_0580767_609_1061,193,154,462,477
Ga0401699_0580767_7_474,199,132,437,490
Ga0401699_0580972_209_1249,11,4,0,0
Ga0401699_0581076_16_1284,2,8,40,58
Ga0401699_0582784_76_501,18,8,7,0
Ga0401699_0582809_191_946,112,78,22,17
Ga0401699_0583809_60_1040,19,27,7,1
Ga0401699_0583841_2_778,51,33,0,0
Ga0401699_0584045_21_491,45,49,228,122
Ga0401699_0585010_1_786,43,14,0,0
Ga0401699_0585976_67_789,7,8,0,0
Ga0401699_0586086_123_1277,16,13,0,0
Ga0401699_0588355_3_1277,71,77,9,18
Ga0401699_0590635_46_1272,32,49,0,0
Ga0401699_0591626_457_1224,22,26,6,2
Ga0401699_0592431_1_1164,147,150,492,567
Ga0401699_0593085_2_1270,525,320,1,0
Ga0401699_0595644_390_1166,318,184,0,2
Ga0401699_0595866_994_1179,21,59,91,116
Ga0401699_0597549_39_1088,50,38,0,2
Ga0401699_0600440_16_1263,1,2,57,89
Ga0401699_0601172_36_1262,26,17,1,3
Ga0401699_0601591_4_1263,123,41,1,3
Ga0401699_0602965_2_361,48,105,6,0
Ga0401699_0603145_288_1259,95,99,11,12
Ga0401699_0605790_122_1258,376,240,0,0
Ga0401699_0608757_170_811,21,15,6,3
Ga0401699_0611354_107_1207,25,9,0,0
Ga0401699_0611508_761_1177,65,44,0,0
Ga0401699_0612038_509_1168,201,97,6,0
Ga0401699_0616004_290_1246,240,99,1,9
Ga0401699_0617212_1_1245,27,35,7,11
Ga0401699_0617312_264_1091,261,210,2,0
Ga0401699_0619430_72_1139,11,10,0,0
Ga0401699_0622687_83_1234,64,15,0,0
Ga0401699_0624358_3_1238,41,12,0,0
Ga0401699_0625196_816_1229,744,482,29,28
Ga0401699_0627709_59_1114,40,37,0,0
Ga0401699_0627904_1_1233,47,37,116,119
Ga0401699_0628577_651_1235,29,46,436,441
Ga0401699_0629602_548_1165,20,11,0,5
Ga0401699_0630716_331_1182,9,3,79,76
Ga0401699_0631145_1_1209,65,63,2,0
Ga0401699_0631805_87_1232,882,634,61,85
Ga0401699_0635019_27_1088,30,21,0,1
Ga0401699_0636725_66_941,16,16,3,4
Ga0401699_0636992_54_614,24,7,0,0
Ga0401699_0637564_208_969,45,17,0,0
Ga0401699_0645069_1_1218,92,126,311,282
Ga0401699_0645414_91_1206,20,22,0,0
Ga0401699_0645876_1_1218,96,65,2,2
Ga0401699_0646734_535_987,58,43,3,0
Ga0401699_0647968_2_1216,16,30,3,3
Ga0401699_0648351_3_1211,51,34,8,8
Ga0401699_0651186_1_1212,14,7,1,3
Ga0401699_0651827_39_1187,14,4,0,0
Ga0401699_0652015_48_1211,50,56,1,4
Ga0401699_0652660_234_1163,53,148,310,217
Ga0401699_0653744_1_978,182,99,6,6
Ga0401699_0654703_3_1142,120,38,0,1
Ga0401699_0654844_669_1118,39,49,139,85
Ga0401699_0655343_613_798,18,13,84,65
Ga0401699_0656406_166_1170,5,4,0,0
Ga0401699_0657759_29_1207,11,8,0,0
Ga0401699_0657804_163_1137,15,4,0,0
Ga0401699_0658650_65_853,14,4,0,0
Ga0401699_0659121_2_1195,28,30,212,213
Ga0401699_0663211_274_1077,8,12,169,138
Ga0401699_0665634_143_1198,115,77,3,3
Ga0401699_0666770_19_963,4,1,76,35
Ga0401699_0672394_118_1164,45,45,0,0
Ga0401699_0672822_1_891,4275,2620,939,1083
Ga0401699_0676656_429_986,11,13,148,130
Ga0401699_0677951_2_1051,492,417,25,25
Ga0401699_0678523_3_1187,10,11,0,0
Ga0401699_0678976_3_1022,41,13,0,0
Ga0401699_0681823_1_1185,233,275,10,11
Ga0401699_0682521_232_1158,30,20,0,0
Ga0401699_0683783_44_1183,219,164,25,16
Ga0401699_0688265_20_904,6,9,0,0
Ga0401699_0689597_47_1177,112,45,7,4
Ga0401699_0694322_45_1100,79,45,0,1
Ga0401699_0694846_119_1084,17,9,37,53
Ga0401699_0695877_3_1163,127,135,12,17
Ga0401699_0698058_1_1134,342,51,4,2
Ga0401699_0698421_20_1168,21,16,0,0
Ga0401699_0698528_5_1168,577,522,17,11
Ga0401699_0698763_1_972,52,22,0,0
Ga0401699_0700227_34_834,24,17,0,0
Ga0401699_0706468_3_1148,28,15,0,0
Ga0401699_0709437_37_1161,326,239,10,11
Ga0401699_0709708_1_1161,172,200,2,5
Ga0401699_0710233_53_1105,20,18,9,6
Ga0401699_0711035_70_633,9,9,0,0
Ga0401699_0711039_3_1127,73,23,1,2
Ga0401699_0712185_35_1159,169,105,0,1
Ga0401699_0717274_125_895,17,15,0,0
Ga0401699_0718084_267_1115,6,6,0,0
Ga0401699_0725046_3_1124,5,17,0,0
Ga0401699_0725598_110_1099,10,10,0,0
Ga0401699_0727470_1_1146,42,29,5,3
Ga0401699_0730060_2_1039,548,705,64,68
Ga0401699_0731503_252_962,47,34,125,92
Ga0401699_0731532_11_874,70,29,0,4
Ga0401699_0733679_437_928,18,14,1,1
Ga0401699_0735007_1_933,43,34,0,0
Ga0401699_0737152_191_748,50,29,131,189
Ga0401699_0741704_3_986,39,20,2,0
Ga0401699_0741983_1_1119,43,43,0,0
Ga0401699_0745480_13_885,720,510,4,5
Ga0401699_0746502_107_976,24,19,0,6
Ga0401699_0748536_51_812,65,39,0,0
Ga0401699_0750103_32_340,375,316,46,56
Ga0401699_0751346_1_1128,106,54,1,1
Ga0401699_0759082_10_1098,25,12,51,38
Ga0401699_0760433_460_579,40,63,226,214
Ga0401699_0760433_765_893,44,67,261,214
Ga0401699_0760433_912_1052,32,33,114,104
Ga0401699_0760669_5_1120,61,28,0,0
Ga0401699_0762803_170_688,40,32,11,5
Ga0401699_0771022_517_1113,21,17,2,1
Ga0401699_0771035_1_1113,42,28,8,0
Ga0401699_0771545_1_513,138,95,1,2
Ga0401699_0774373_297_1085,57,51,2,9
Ga0401699_0779449_203_1105,175,141,10,10
Ga0401699_0779694_605_1024,22,29,4,5
Ga0401699_0783158_193_1068,90,117,368,362
Ga0401699_0783600_10_1101,209,201,23,24
Ga0401699_0786864_1_1011,843,397,2142,2648
Ga0401699_0787604_63_452,6,7,6,0
Ga0401699_0798428_1_1092,215,91,0,0
Ga0401699_0799054_1_1092,44,25,0,1
Ga0401699_0802402_23_1090,47,31,2,8
Ga0401699_0802787_64_1017,113,61,4,2
Ga0401699_0803844_1_801,257,245,3,3
Ga0401699_0804527_3_1088,69,95,4,8
Ga0401699_0805425_275_997,22,29,87,113
Ga0401699_0807152_187_699,26,21,31,62
Ga0401699_0807624_1_1086,71,20,0,0
Ga0401699_0809535_1_1083,51,59,11,1
Ga0401699_0816657_199_693,11,17,0,0
Ga0401699_0819688_121_804,15,23,4,5
Ga0401699_0821438_271_1068,12,10,0,0
Ga0401699_0826219_349_1053,1437,1007,96,92
Ga0401699_0831364_47_997,1,2,2,10
Ga0401699_0835218_568_939,0,1,0,1
Ga0401699_0842064_27_896,50,38,0,2
Ga0401699_0846072_71_1060,432,364,26,21
Ga0401699_0849091_44_1054,13,16,0,0
Ga0401699_0851109_44_1057,12,2,0,0
Ga0401699_0851889_3_1031,247,359,2,6
Ga0401699_0851993_21_1055,55,126,127,119
Ga0401699_0853557_25_1056,41,12,0,0
Ga0401699_0854847_1_1053,58,22,0,0
Ga0401699_0855476_867_1055,29,4,7,3
Ga0401699_0857134_432_983,15,22,69,92
Ga0401699_0866382_1_1041,73,48,2,14
Ga0401699_0867600_37_927,64,50,4,2
Ga0401699_0868469_2_1045,231,286,20,10
Ga0401699_0869284_327_986,15,13,6,3
Ga0401699_0870394_68_1045,226,120,3,2
Ga0401699_0871255_287_841,33,29,6,2
Ga0401699_0878019_108_986,4,2,0,0
Ga0401699_0881424_90_1037,21,33,4,0
Ga0401699_0882134_2_1036,62,29,0,0
Ga0401699_0883072_3_998,215,56,0,0
Ga0401699_0883796_55_390,6,5,0,0
Ga0401699_0891994_222_983,69,82,0,0
Ga0401699_0901996_2_1024,52,61,0,0
Ga0401699_0907120_235_987,26,23,11,0
Ga0401699_0909893_20_814,138,65,2,7
Ga0401699_0910420_3_1019,192,190,744,690
Ga0401699_0922117_2_1015,152,98,6,5
Ga0401699_0926874_14_1006,12,10,0,0
Ga0401699_0927521_251_784,15,21,0,0
Ga0401699_0934095_212_979,27,24,40,66
Ga0401699_0935296_47_1006,55,29,7,3
Ga0401699_0935479_572_871,9,22,218,172
Ga0401699_0939198_3_983,0,0,0,0
Ga0401699_0943097_1_1002,210,161,34,53
Ga0401699_0944095_1_1002,72,49,265,234
Ga0401699_0950397_41_763,3,4,496,271
Ga0401699_0950600_121_918,18,28,58,66
Ga0401699_0953672_2_976,33,30,4,5
Ga0401699_0958200_75_992,20,6,1,1
Ga0401699_0962834_3_989,1164,1038,35,39
Ga0401699_0968983_2_988,64,37,0,5
Ga0401699_0972535_297_986,334,299,4,1
Ga0401699_0973927_47_985,58,34,6,3
Ga0401699_0976497_41_985,14,9,1,2
Ga0401699_0983057_22_981,144,105,5,1
Ga0401699_0983806_22_981,65,41,0,2
Ga0401699_0985559_3_980,33,67,971,1021
Ga0401699_0994070_167_973,42,58,9,1
Ga0401699_0997124_239_703,16,21,5,3
Ga0401699_0999257_3_971,124,259,820,705
Ga0401699_0999346_3_971,242,138,68,59
Ga0401699_1009629_660_860,90,93,22,24
Ga0401699_1010911_57_866,27,26,0,0
Ga0401699_1014451_3_440,7,13,109,102
Ga0401699_1017859_2_961,4,12,0,0
Ga0401699_1019640_97_816,37,17,8,4
Ga0401699_1020942_214_912,0,0,0,0
Ga0401699_1023119_3_941,77,86,0,2
Ga0401699_1034559_346_789,12,6,2,1
Ga0401699_1038848_109_801,6,7,0,0
Ga0401699_1040506_3_950,356,270,32,15
Ga0401699_1058843_1_942,154,77,0,0
Ga0401699_1061009_496_939,55,56,6,3
Ga0401699_1064322_1_939,19,11,0,0
Ga0401699_1064615_237_941,5,22,0,2
Ga0401699_1066642_92_940,1468,1113,36,15
Ga0401699_1077570_105_887,32,45,0,0
Ga0401699_1079767_289_576,33,66,189,155
Ga0401699_1081227_17_418,311,338,18,19
Ga0401699_1081227_602_910,48,43,3,3
Ga0401699_1082200_21_863,114,84,17,10
Ga0401699_1083820_243_932,84,31,0,0
Ga0401699_1094399_30_830,16,17,1,2
Ga0401699_1103807_170_862,13,5,87,99
Ga0401699_1107570_86_838,13,12,4,0
Ga0401699_1123634_8_766,16,14,1,1
Ga0401699_1124754_49_825,11,10,3,4
Ga0401699_1125595_3_899,22,12,1,2
Ga0401699_1128556_10_675,8,4,0,0
Ga0401699_1129240_6_866,83,103,8,0
Ga0401699_1135930_1_891,493,1030,11,5
Ga0401699_1142394_237_677,19,7,0,0
Ga0401699_1150675_2_901,133,46,3,4
Ga0401699_1151955_1_900,415,67,12,7
Ga0401699_1157609_43_900,90,86,2,4
Ga0401699_1161161_8_898,540,312,91,96
Ga0401699_1161379_149_532,17,6,53,70
Ga0401699_1168173_229_867,11,14,4,1
Ga0401699_1168694_356_841,1356,689,65,90
Ga0401699_1173488_10_891,272,202,21,19
Ga0401699_1174526_7_891,178,37,0,0
Ga0401699_1174708_3_893,114,106,22,26
Ga0401699_1179201_46_885,1,0,44,53
Ga0401699_1181568_36_857,85,90,4,4
Ga0401699_1181626_3_890,14,13,0,0
Ga0401699_1183583_300_842,43,95,214,242
Ga0401699_1187096_561_887,48,66,209,243
Ga0401699_1191412_109_849,2,8,56,200
Ga0401699_1192954_26_814,178,178,1,3
Ga0401699_1196213_235_882,15,6,0,0
Ga0401699_1202811_34_882,47,24,0,0
Ga0401699_1206233_366_815,39,18,8,8
Ga0401699_1209637_1_765,91,61,27,14
Ga0401699_1211732_3_878,26,14,2,3
Ga0401699_1216675_1_876,450,413,40,18
Ga0401699_1221296_1_873,1974,2008,3581,2898
Ga0401699_1227096_1_870,93,156,5,0
Ga0401699_1231521_83_775,21,18,3,3
Ga0401699_1233326_220_672,30,41,5,5
Ga0401699_1235187_44_868,36,27,1,1
Ga0401699_1238881_223_867,79,59,3,6
Ga0401699_1244438_3_137,389,294,42,64
Ga0401699_1245926_290_865,23,15,1,1
Ga0401699_1266091_87_629,22,17,3,3
Ga0401699_1274950_52_507,13,14,2,2
Ga0401699_1277613_1_807,21,14,0,0
Ga0401699_1281815_2_850,0,0,0,0
Ga0401699_1298330_2_337,28,30,0,0
Ga0401699_1298677_1_684,107,52,8,1
Ga0401699_1299057_118_672,11,6,2,0
Ga0401699_1302305_182_844,65,41,12,5
Ga0401699_1308086_22_618,181,207,3,15
Ga0401699_1313099_256_792,13,11,9,1
Ga0401699_1321282_217_807,35,15,6,1
Ga0401699_1327097_1_696,47,19,3,2
Ga0401699_1331879_159_752,16,15,4,1
Ga0401699_1335131_3_833,33,19,5,1
Ga0401699_1344285_52_831,10,7,0,0
Ga0401699_1351152_48_827,48,35,1,3
Ga0401699_1356877_2_790,24,10,0,0
Ga0401699_1358480_2_826,0,0,0,0
Ga0401699_1361865_1_795,57,78,11,15
Ga0401699_1367548_2_823,122,39,1,1
Ga0401699_1369815_1_822,17,15,51,76
Ga0401699_1369948_219_821,547,498,1809,1902
Ga0401699_1371974_181_822,21,22,8,2
Ga0401699_1380113_1_624,105,80,1,2
Ga0401699_1382888_3_581,24,22,2,1
Ga0401699_1383856_225_524,305,327,631,467
Ga0401699_1390293_1_789,31,17,0,0
Ga0401699_1396685_348_812,11,16,0,2
Ga0401699_1397289_148_576,815,1017,2839,2631
Ga0401699_1399429_6_812,36,15,1,0
Ga0401699_1400210_589_813,1119,1573,3919,3634
Ga0401699_1407895_33_809,54,18,0,1
Ga0401699_1408808_3_653,149,83,0,0
Ga0401699_1410422_1_810,31,30,0,0
Ga0401699_1414067_309_809,3052,3174,10,7
Ga0401699_1417201_2_220,75,33,1,3
Ga0401699_1421538_1_804,524,310,135,102
Ga0401699_1422703_1_711,87,22,0,1
Ga0401699_1431303_1_801,48,38,0,0
Ga0401699_1439782_1_795,33,30,9,3
Ga0401699_1441777_3_800,28,14,0,0
Ga0401699_1442963_3_662,80,27,0,2
Ga0401699_1452022_287_691,26,22,1,1
Ga0401699_1456288_2_760,37,16,5,4
Ga0401699_1457842_106_795,175,158,490,613
Ga0401699_1462863_361_681,210,156,190,177
Ga0401699_1463410_3_794,79,34,0,0
Ga0401699_1464866_295_792,90,71,13,10
Ga0401699_1467316_3_785,442,336,28,32
Ga0401699_1472225_178_789,73,34,322,271
Ga0401699_1473694_492_791,14,15,86,120
Ga0401699_1495087_2_751,113,88,0,3
Ga0401699_1495988_210_716,9,29,2,5
Ga0401699_1499554_3_545,4,5,57,53
Ga0401699_1505082_3_776,18,12,4,0
Ga0401699_1508515_3_779,275,460,655,618
Ga0401699_1513035_3_707,96,143,4,5
Ga0401699_1524682_82_744,10,10,1,4
Ga0401699_1525216_351_776,23,19,0,0
Ga0401699_1527194_5_775,39,25,3,1
Ga0401699_1530929_338_775,13,17,111,61
Ga0401699_1532471_3_773,30,6,0,0
Ga0401699_1535207_179_739,19,10,7,1
Ga0401699_1538240_121_771,45,20,13,6
Ga0401699_1538947_149_610,5,9,2,1
Ga0401699_1539944_1_771,78,81,9,2
Ga0401699_1542487_156_731,13,14,3,5
Ga0401699_1551428_2_733,34,18,0,1
Ga0401699_1558331_26_766,88,57,11,4
Ga0401699_1560633_60_683,18,44,87,121
Ga0401699_1564038_36_431,29,26,8,3
Ga0401699_1565026_280_765,65,29,0,0
Ga0401699_1568478_1_765,38,22,0,0
Ga0401699_1575553_11_763,93,133,0,0
Ga0401699_1579091_26_634,22,24,0,0
Ga0401699_1584421_1_759,109,63,0,1
Ga0401699_1594411_38_649,29,37,349,387
Ga0401699_1597312_271_714,90,35,0,0
Ga0401699_1602737_264_632,11,12,67,75
Ga0401699_1603399_105_755,44,37,0,0
Ga0401699_1604545_87_548,12,12,11,2
Ga0401699_1621683_485_751,22,39,0,0
Ga0401699_1628102_70_750,183,216,8,2
Ga0401699_1631922_507_749,13,13,113,121
Ga0401699_1648491_51_677,24,20,3,2
Ga0401699_1648493_117_692,11,9,0,0
Ga0401699_1657075_1_732,29,29,1,2
Ga0401699_1657818_113_565,58,24,10,11
Ga0401699_1659054_1_309,144,157,4,4
Ga0401699_1676075_5_736,34,57,8,10
Ga0401699_1677652_1_738,134,54,4,4
Ga0401699_1689264_1_735,141,73,0,1
Ga0401699_1703290_219_626,15,12,113,131
Ga0401699_1708329_62_661,17,22,7,2
Ga0401699_1712378_1_726,152,95,28,13
Ga0401699_1713349_79_546,45,50,101,131
Ga0401699_1733081_493_690,404,306,1137,1391
Ga0401699_1734718_3_578,22,6,0,0
Ga0401699_1745776_2_721,100,99,2,4
Ga0401699_1755337_2_682,48,36,0,2
Ga0401699_1765360_7_501,8,9,0,0
Ga0401699_1766296_55_678,10,12,38,41
Ga0401699_1772566_94_537,111,46,0,0
Ga0401699_1774514_236_670,11,16,2,2
Ga0401699_1777268_3_218,284,251,6,6
Ga0401699_1780426_1_714,22,13,0,0
Ga0401699_1796473_3_671,94,177,130,122
Ga0401699_1798799_413_598,206,168,607,584
Ga0401699_1800225_2_193,12,17,0,0
Ga0401699_1818264_125_706,67,59,12,12
Ga0401699_1836311_3_668,58,62,2,2
Ga0401699_1838573_230_538,3,6,58,41
Ga0401699_1846518_25_699,25,34,0,0
Ga0401699_1850286_26_700,102,54,3,2
Ga0401699_1869837_2_694,53,65,0,0
Ga0401699_1892620_2_691,18,26,0,3
Ga0401699_1894056_205_582,1,0,0,1
Ga0401699_1906648_23_688,27,21,0,0
Ga0401699_1908963_194_688,1303,1039,44,15
Ga0401699_1909097_36_623,13,16,3,0
Ga0401699_1912890_31_456,15,8,4,3
Ga0401699_1923796_17_460,36,31,1,0
Ga0401699_1945815_79_585,343,196,1217,1538
Ga0401699_1948427_262_597,80,63,6,3
Ga0401699_1948711_128_679,269,135,2,1
Ga0401699_1972153_238_645,70,80,3,4
Ga0401699_1977926_305_535,29,3,0,0
Ga0401699_1978108_51_500,38,27,48,84
Ga0401699_1987765_33_644,54,37,1,0
Ga0401699_1991438_155_673,1,5,104,116
Ga0401699_1992011_276_533,6,3,1,1
Ga0401699_2005551_41_670,492,117,0,2
Ga0401699_2006092_1_669,97,62,15,6
Ga0401699_2012876_3_668,164,225,37,30
Ga0401699_2033897_199_663,182,186,726,588
Ga0401699_2041271_216_626,5,8,2,2
Ga0401699_2046604_1_663,408,355,31,15
Ga0401699_2070563_45_539,10,10,1,2
Ga0401699_2072683_2_658,154,168,9,6
Ga0401699_2076385_47_658,35,34,3,1
Ga0401699_2077474_76_630,14,5,3,2
Ga0401699_2083106_3_575,23,17,0,0
Ga0401699_2083466_1_591,21,6,0,0
Ga0401699_2084159_3_581,42,29,4,1
Ga0401699_2088631_1_654,14,9,0,0
Ga0401699_2096415_2_652,44,20,21,14
Ga0401699_2109826_139_588,9,6,0,0
Ga0401699_2118772_318_650,81,52,1,0
Ga0401699_2140254_3_614,53,29,10,5
Ga0401699_2156218_2_643,69,31,6,2
Ga0401699_2159314_44_391,9,8,147,153
Ga0401699_2168825_135_641,37,23,0,0
Ga0401699_2172208_1_642,34,24,7,4
Ga0401699_2180653_27_614,25,20,42,45
Ga0401699_2193508_1_561,1,9,62,74
Ga0401699_2197467_1_636,64,22,0,0
Ga0401699_2201734_3_614,12,7,0,0
Ga0401699_2207735_384_635,18,17,79,44
Ga0401699_2208515_48_407,21,44,2,7
Ga0401699_2216253_201_629,888,1194,117,158
Ga0401699_2222678_2_634,108,104,5,0
Ga0401699_2238209_354_623,383,237,29,33
Ga0401699_2244793_1_552,90,92,1,1
Ga0401699_2249057_200_466,329,548,1536,1267
Ga0401699_2250135_32_592,35,31,1,1
Ga0401699_2252857_3_440,74,29,0,3
Ga0401699_2260603_2_628,99,58,2,7
Ga0401699_2261339_1_615,74,36,235,257
Ga0401699_2274440_1_624,40,74,97,87
Ga0401699_2277759_78_434,16,7,2,0
Ga0401699_2287134_2_607,69,37,2,0
Ga0401699_2293683_38_622,29,40,0,0
Ga0401699_2319047_83_619,36,38,0,0
Ga0401699_2321262_3_599,19,6,0,0
Ga0401699_2323190_1_618,154,108,4,8
Ga0401699_2324155_3_449,36,20,0,0
Ga0401699_2351096_1_441,34,34,96,157
Ga0401699_2370656_120_572,6,9,0,2
Ga0401699_2372177_56_442,11,6,4,2
Ga0401699_2381994_1_609,519,437,31,28
Ga0401699_2397218_47_607,1116,1494,81,177
Ga0401699_2407829_2_421,187,430,711,579
Ga0401699_2412665_1_606,124,110,342,350
Ga0401699_2428115_1_603,51,49,1,1
Ga0401699_2434203_49_483,73,71,2,1
Ga0401699_2437231_3_326,109,122,506,405
Ga0401699_2448961_112_264,84,68,213,161
Ga0401699_2460904_1_600,23,36,2,1
Ga0401699_2480599_33_551,16,12,3,0
Ga0401699_2483643_1_552,4,11,78,84
Ga0401699_2486476_115_597,6,23,8,3
Ga0401699_2493035_3_488,30,31,8,10
Ga0401699_2509211_7_537,18,24,0,0
Ga0401699_2520010_85_543,10,16,3,0
Ga0401699_2547385_35_472,12,29,0,0
Ga0401699_2562136_132_515,50,24,0,1
Ga0401699_2574706_7_567,50,56,0,0
Ga0401699_2581364_1_585,48,42,6,4
Ga0401699_2595950_110_583,45,35,2,1
Ga0401699_2596066_89_322,34,95,336,258
Ga0401699_2627267_1_534,20,32,2,7
Ga0401699_2636275_2_577,106,84,20,19
Ga0401699_2673681_2_178,19,46,72,74
Ga0401699_2685530_2_571,57,38,0,1
Ga0401699_2700865_3_569,79,109,144,161
Ga0401699_2707190_7_570,36,25,0,0
Ga0401699_2713069_1_570,15,23,0,1
Ga0401699_2746074_1_564,23,14,0,0
Ga0401699_2768670_214_564,305,195,469,339
Ga0401699_2770503_79_531,25,33,11,15
Ga0401699_2831464_2_451,375,560,11,17
Ga0401699_2865947_14_553,79,61,0,0
Ga0401699_2866665_2_520,44,9,0,0
Ga0401699_2866924_1_552,184,73,2,0
Ga0401699_2898865_1_462,9,6,0,0
Ga0401699_2898904_141_317,67,94,29,52
Ga0401699_2900945_42_548,45,30,4,0
Ga0401699_2903881_1_549,32,14,0,0
Ga0401699_2909853_2_547,3,2,64,50
Ga0401699_2916080_29_511,392,336,20,13
Ga0401699_2918373_1_546,184,221,3,4
Ga0401699_2920417_3_389,223,139,1,0
Ga0401699_2925254_145_504,123,140,527,470
Ga0401699_2926590_2_442,74,66,13,20
Ga0401699_2935930_238_525,68,71,2,2
Ga0401699_2951715_3_458,27,29,1,1
Ga0401699_2962245_33_503,70,44,1,2
Ga0401699_2999768_2_211,182,128,3,5
Ga0401699_3012841_3_539,23,3,0,0
Ga0401699_3022659_41_538,10,17,2,2
Ga0401699_3041755_3_236,119,160,10,3
Ga0401699_3054366_94_459,8,8,70,88
Ga0401699_3069738_46_462,93,68,10,6
Ga0401699_3087747_3_530,57,50,0,1
Ga0401699_3107688_1_528,106,68,0,1
Ga0401699_3136883_1_375,19,10,12,2
Ga0401699_3155200_1_525,109,68,13,13
Ga0401699_3167595_17_523,143,163,0,0
Ga0401699_3174353_118_519,99,40,0,0
Ga0401699_3175590_3_434,78,79,3,2
Ga0401699_3184953_2_523,73,57,2,0
Ga0401699_3185163_132_431,31,105,8,7
Ga0401699_3217097_2_520,27,20,1,2
Ga0401699_3219935_1_189,42,22,5,0
Ga0401699_3223057_7_519,88,46,0,0
Ga0401699_3228122_182_520,25,29,2,3
Ga0401699_3241585_19_516,93,49,1,1
Ga0401699_3249248_1_516,98,58,4,0
Ga0401699_3263577_12_422,29,24,0,0
Ga0401699_3289065_18_407,57,33,12,21
Ga0401699_3290899_325_477,166,315,26,17
Ga0401699_3291633_1_468,59,38,0,0
Ga0401699_3293499_11_382,34,23,15,14
Ga0401699_3294460_1_513,45,22,0,3
Ga0401699_3343852_243_479,60,52,0,1
Ga0401699_3347590_37_438,38,29,0,2
Ga0401699_3358392_159_500,53,23,3,3
Ga0401699_3396586_41_490,6,3,0,0
Ga0401699_3397257_2_358,99,76,33,40
Ga0401699_3403325_18_461,128,71,4,7
Ga0401699_3415996_133_504,139,56,6,0
Ga0401699_3426169_45_488,86,40,6,1
Ga0401699_3431165_227_502,1,7,67,58
Ga0401699_3440732_2_502,59,45,0,0
Ga0401699_3455501_1_309,98,29,1,0
Ga0401699_3461844_2_499,25,37,0,1
Ga0401699_3467797_3_500,408,287,7,1
Ga0401699_3469444_23_331,10,19,79,87